Date,Open,High,Low,Close,Volume
2020-01-01,152.48,153.81,,149.14,993394.0
2020-01-02,149.31,151.16,147.34,147.42,899269.0
2020-01-03,153.24,154.45,151.22,150.41,965525.0
2020-01-04,157.62,159.31,155.14,155.97,1142946.0
2020-01-05,148.83,148.94,148.2,148.19,1255571.0
2020-01-06,148.83,151.04,146.24,151.34,1114097.0
2020-01-07,157.9,159.9,158.6,156.93,1020344.0
2020-01-08,153.84,155.02,152.47,149.08,1299602.0
2020-01-09,147.65,150.31,146.14,151.07,937432.0
2020-01-10,152.71,155.65,150.08,150.2,1206183.0
2020-01-11,147.68,148.08,145.66,147.51,942387.0
2020-01-12,147.67,148.91,147.08,149.01,1086204.0
2020-01-13,151.21,152.44,150.19,151.81,977287.0
2020-01-14,140.43,141.49,138.23,143.72,988829.0
2020-01-15,141.38,144.2,139.45,142.81,924522.0
2020-01-16,147.19,148.99,145.77,144.6,1268970.0
2020-01-17,144.94,146.67,143.42,151.47,853414.0
2020-01-18,151.57,151.57,148.88,152.15,851953.0
2020-01-19,145.46,148.1,143.98,145.02,1424198.0
2020-01-20,,143.7,141.03,,1195569.0
2020-01-21,157.33,159.39,153.16,158.08,522977.0
2020-01-22,148.87,151.15,,150.07,886948.0
2020-01-23,150.34,,150.19,157.81,637602.0
2020-01-24,142.88,143.57,140.09,142.05,809861.0
2020-01-25,147.28,146.26,145.96,146.32,372297.0
2020-01-26,150.55,152.74,148.87,150.9,972602.0
2020-01-27,144.25,148.05,143.03,147.46,771611.0
2020-01-28,151.88,155.12,150.14,147.36,1011981.0
2020-01-29,147.0,149.21,143.4,141.1,674975.0
2020-01-30,148.54,150.05,145.74,146.78,1016582.0
2020-01-31,146.99,149.8,144.13,142.09,917016.0
2020-02-01,159.26,160.29,158.68,157.99,1300390.0
2020-02-02,149.93,152.41,149.08,151.44,1282271.0
2020-02-03,144.71,147.22,145.55,,1157069.0
2020-02-04,154.11,157.17,152.92,149.83,934677.0
2020-02-05,143.9,148.66,140.94,144.1,1397076.0
2020-02-06,151.04,153.44,148.53,153.63,689392.0
2020-02-07,140.2,141.69,138.42,135.12,719288.0
2020-02-08,143.36,145.33,141.38,145.82,983243.0
2020-02-09,150.98,151.22,149.67,153.44,1450807.0
2020-02-10,153.69,155.0,151.49,156.55,959532.0
2020-02-11,150.86,152.45,148.09,154.51,963350.0
2020-02-12,149.42,150.9,149.04,156.03,711617.0
2020-02-13,148.49,150.65,146.19,147.43,1189185.0
2020-02-14,142.61,,139.67,142.94,1190635.0
2020-02-15,146.4,149.52,144.82,145.15,1157815.0
2020-02-16,147.7,149.7,145.0,147.7,874155.0
2020-02-17,155.29,157.28,150.47,159.88,858658.0
2020-02-18,151.72,153.39,149.82,147.68,741375.0
2020-02-19,,143.34,138.79,138.6,1016774.0
2020-02-20,151.62,154.45,150.36,155.75,783918.0
2020-02-21,148.07,149.21,145.89,151.13,764516.0
2020-02-22,146.62,147.96,,145.53,915261.0
2020-02-23,153.06,154.75,150.86,155.62,902168.0
2020-02-24,,155.81,154.17,156.18,892404.0
2020-02-25,154.66,155.84,152.45,159.16,1093288.0
2020-02-26,145.8,147.33,142.34,146.03,1015809.0
2020-02-27,148.45,151.33,146.01,151.53,942368.0
2020-02-28,151.66,153.92,148.69,159.58,1036602.0
2020-02-29,154.88,157.07,153.11,156.67,801694.0
2020-03-01,147.6,150.46,144.85,147.75,1021055.0
2020-03-02,149.07,150.93,146.79,151.24,1030120.0
2020-03-03,144.47,146.86,143.42,143.37,699390.0
2020-03-04,144.02,145.92,141.7,151.18,1199138.0
2020-03-05,154.06,156.33,153.05,154.6,823713.0
2020-03-06,156.78,158.2,155.41,155.96,1018061.0
2020-03-07,149.64,149.2,147.45,147.13,1232882.0
2020-03-08,155.02,156.88,152.72,158.31,1185135.0
2020-03-09,151.81,155.23,151.0,154.41,1006866.0
2020-03-10,146.77,149.7,143.72,145.28,927500.0
2020-03-11,151.81,154.77,149.23,153.54,1189502.0
2020-03-12,157.69,160.93,156.39,153.16,1134938.0
2020-03-13,149.82,151.91,,150.38,876326.0
2020-03-14,157.82,160.02,155.97,159.18,841021.0
2020-03-15,136.9,138.28,135.35,142.02,585528.0
2020-03-16,154.11,155.79,152.0,151.8,1030806.0
2020-03-17,150.44,153.05,148.8,146.6,983460.0
2020-03-18,148.5,151.71,,145.82,1227238.0
2020-03-19,150.46,152.32,148.85,146.45,1071811.0
2020-03-20,140.06,141.61,138.37,144.07,1266845.0
2020-03-21,148.9,,146.27,153.55,860527.0
2020-03-22,151.79,154.39,150.48,152.75,1227630.0
2020-03-23,157.39,157.95,153.71,161.05,894216.0
2020-03-24,,147.11,147.32,147.81,1155519.0
2020-03-25,145.96,147.41,142.65,145.67,
2020-03-26,147.49,148.27,145.72,146.49,1047027.0
2020-03-27,154.58,156.07,151.72,153.65,603062.0
2020-03-28,151.64,153.5,149.56,147.0,946572.0
2020-03-29,147.35,148.9,144.21,148.14,1088070.0
2020-03-30,152.57,,150.95,152.45,895806.0
2020-03-31,150.49,152.81,149.58,152.72,789912.0
2020-04-01,154.84,251.57,68.33,155.12,1169223.0
2020-04-02,146.49,149.11,144.6,146.0,979307.0
2020-04-03,,149.22,146.14,145.75,902085.0
2020-04-04,148.04,,,148.26,1008379.0
2020-04-05,142.68,144.61,141.71,144.9,1527333.0
2020-04-06,151.48,154.15,148.89,148.05,1230700.0
2020-04-07,151.31,152.23,149.9,151.57,1232514.0
2020-04-08,150.03,150.47,148.16,150.72,1087109.0
2020-04-09,148.83,151.64,146.75,146.67,1033297.0
2020-04-10,142.92,145.3,142.42,141.16,520783.0
2020-04-11,147.9,148.99,146.68,148.59,864203.0
2020-04-12,148.29,149.42,144.94,144.89,903885.0
2020-04-13,145.99,149.11,143.1,147.04,625021.0
2020-04-14,149.19,150.0,147.26,146.51,768516.0
2020-04-15,152.02,155.66,149.78,155.21,603832.0
2020-04-16,159.43,160.53,157.73,166.44,992335.0
2020-04-17,150.87,153.51,147.52,148.29,1163753.0
2020-04-18,151.29,152.96,149.49,152.89,1221354.0
2020-04-19,149.63,152.23,147.4,147.45,1082956.0
2020-04-20,140.41,141.86,137.26,143.53,807320.0
2020-04-21,149.87,151.7,148.64,146.07,613586.0
2020-04-22,150.3,152.34,146.74,151.74,648626.0
2020-04-23,162.32,163.31,161.85,159.7,746203.0
2020-04-24,149.04,151.78,145.41,148.42,822228.0
2020-04-25,151.51,152.99,149.88,,968050.0
2020-04-26,149.83,151.6,148.07,152.29,797167.0
2020-04-27,144.16,,144.05,141.65,1067795.0
2020-04-28,,155.15,154.17,157.37,953545.0
2020-04-29,153.76,,152.8,152.73,1002109.0
2020-04-30,153.96,158.37,152.56,153.61,1228050.0
2020-05-01,,148.24,143.59,145.9,763953.0
2020-05-02,157.01,158.99,154.06,154.73,1083740.0
2020-05-03,142.99,144.73,140.78,143.62,997205.0
2020-05-04,152.93,154.96,150.63,157.53,933302.0
2020-05-05,160.95,163.5,160.05,158.62,1177051.0
2020-05-06,145.05,145.87,143.93,148.56,1175802.0
2020-05-07,147.17,150.28,143.37,151.66,810701.0
2020-05-08,150.5,153.21,149.23,148.05,963567.0
2020-05-09,147.48,150.2,143.83,,1056242.0
2020-05-10,142.25,,140.49,143.15,945398.0
2020-05-11,150.34,152.36,148.34,148.7,1117004.0
2020-05-12,144.69,147.36,141.62,150.29,1056238.0
2020-05-13,152.37,154.96,149.1,,1366512.0
2020-05-14,145.4,147.05,143.51,143.0,693944.0
2020-05-15,157.75,159.18,156.14,154.31,975512.0
2020-05-16,146.08,148.19,144.14,149.35,818299.0
2020-05-17,148.39,151.94,146.05,146.68,1120821.0
2020-05-18,154.07,154.83,151.18,154.2,676565.0
2020-05-19,143.85,144.38,141.84,146.71,1069262.0
2020-05-20,151.14,153.3,148.52,149.68,873990.0
2020-05-21,156.54,158.59,152.9,156.4,853167.0
2020-05-22,141.96,144.14,139.58,141.91,710700.0
2020-05-23,150.92,153.17,148.61,152.97,906984.0
2020-05-24,151.3,,150.82,153.07,1216900.0
2020-05-25,153.91,157.4,154.54,153.25,994962.0
2020-05-26,143.82,144.21,141.43,144.01,1125536.0
2020-05-27,143.4,144.57,141.49,142.28,1332928.0
2020-05-28,152.61,154.51,151.12,148.18,1052751.0
2020-05-29,151.48,151.84,149.24,152.26,888240.0
2020-05-30,151.25,153.08,149.31,156.93,1093450.0
2020-05-31,151.73,155.39,148.6,149.08,891140.0
2020-06-01,146.6,148.62,144.51,144.28,899115.0
2020-06-02,151.16,153.39,149.91,148.55,696021.0
2020-06-03,,152.21,148.48,153.64,1185251.0
2020-06-04,146.43,147.81,144.65,147.77,922799.0
2020-06-05,159.33,160.95,156.8,158.85,1036419.0
2020-06-06,152.37,154.05,150.85,149.62,792807.0
2020-06-07,144.04,147.33,142.69,144.32,1087189.0
2020-06-08,153.28,155.84,151.2,148.59,847611.0
2020-06-09,145.13,146.02,143.11,145.56,971658.0
2020-06-10,153.94,156.18,151.46,156.55,
2020-06-11,155.79,158.29,154.06,152.04,1158151.0
2020-06-12,145.9,149.04,145.73,141.3,995593.0
2020-06-13,154.82,158.4,153.25,159.56,646373.0
2020-06-14,152.06,153.05,149.27,150.23,1598562.0
2020-06-15,154.11,155.3,152.41,157.52,1349171.0
2020-06-16,159.48,160.23,157.73,159.02,1144534.0
2020-06-17,148.77,150.54,145.79,148.29,849359.0
2020-06-18,146.23,148.7,144.94,147.55,977281.0
2020-06-19,145.55,148.54,145.1,142.9,891315.0
2020-06-20,145.92,,144.08,146.32,1252771.0
2020-06-21,149.61,151.29,148.1,148.47,1052500.0
2020-06-22,151.71,153.86,150.67,147.74,843167.0
2020-06-23,151.38,152.55,149.56,152.4,905848.0
2020-06-24,154.14,158.23,151.64,153.35,1224237.0
2020-06-25,150.07,150.46,,149.59,1320019.0
2020-06-26,157.27,159.45,154.96,153.64,1305666.0
2020-06-27,148.68,152.7,144.86,153.45,
2020-06-28,163.6,165.61,161.94,166.23,949475.0
2020-06-29,153.13,154.94,150.85,156.02,351697.0
2020-06-30,,147.36,144.22,144.8,1059432.0
2020-07-01,144.65,146.47,143.49,139.46,999634.0
2020-07-02,152.41,155.79,151.0,158.27,1027996.0
2020-07-03,148.88,148.67,147.36,148.7,1010779.0
2020-07-04,153.57,157.1,151.21,151.32,734747.0
2020-07-05,152.37,152.94,148.02,153.62,1111481.0
2020-07-06,149.64,151.37,148.35,153.14,1126443.0
2020-07-07,145.77,147.34,144.18,145.7,1136467.0
2020-07-08,142.43,145.01,140.49,146.26,1189315.0
2020-07-09,,148.17,145.37,151.02,1120810.0
2020-07-10,154.28,156.74,152.02,151.05,917994.0
2020-07-11,151.07,155.09,147.79,149.05,985832.0
2020-07-12,143.77,144.41,144.2,146.64,1018224.0
2020-07-13,150.87,153.06,151.25,142.73,1021539.0
2020-07-14,151.93,153.26,150.42,151.48,1199643.0
2020-07-15,145.58,148.01,142.48,,1128733.0
2020-07-16,150.77,152.79,150.33,149.34,1415468.0
2020-07-17,150.29,151.65,151.3,149.39,1441293.0
2020-07-18,144.29,146.77,141.71,143.21,1015929.0
2020-07-19,151.79,155.59,149.55,,232668.0
2020-07-20,152.8,154.61,151.89,149.51,1247366.0
2020-07-21,155.42,158.14,154.4,,891924.0
2020-07-22,155.27,351.22,61.47,160.87,839703.0
2020-07-23,143.11,144.16,141.0,139.63,920310.0
2020-07-24,145.31,147.78,143.94,,910671.0
2020-07-25,152.58,156.06,150.08,151.38,1122453.0
2020-07-26,152.57,154.92,153.42,152.96,688112.0
2020-07-27,152.58,154.26,151.43,152.39,784455.0
2020-07-28,169.26,171.26,168.39,167.28,1068631.0
2020-07-29,152.85,153.6,151.11,155.81,1124588.0
2020-07-30,155.68,158.28,,156.06,1128308.0
2020-07-31,154.77,157.65,151.97,153.34,842592.0
2020-08-01,153.26,154.8,153.12,149.34,804346.0
2020-08-02,148.42,149.95,146.38,145.74,898673.0
2020-08-03,153.79,156.06,151.24,148.87,1047974.0
2020-08-04,146.14,147.7,142.28,146.17,1297095.0
2020-08-05,148.82,150.75,147.3,145.23,590512.0
2020-08-06,147.57,151.67,,146.78,955854.0
2020-08-07,150.41,152.16,150.21,154.52,733464.0
2020-08-08,161.57,163.21,161.97,165.17,669551.0
2020-08-09,,142.02,137.82,140.57,1193391.0
2020-08-10,153.43,156.18,151.44,153.17,1108924.0
2020-08-11,141.94,143.76,138.76,147.58,1089886.0
2020-08-12,147.64,148.99,147.01,149.2,1184205.0
2020-08-13,155.44,158.77,152.92,,904056.0
2020-08-14,150.32,153.74,146.45,146.04,913472.0
2020-08-15,144.61,146.01,142.19,145.79,1437146.0
2020-08-16,,146.56,144.15,148.91,950685.0
2020-08-17,153.4,156.41,151.39,,1147026.0
2020-08-18,146.35,147.66,145.92,147.22,1001276.0
2020-08-19,151.08,153.87,147.73,149.99,630348.0
2020-08-20,150.23,150.26,148.84,149.68,591074.0
2020-08-21,146.74,149.63,144.24,139.28,884203.0
2020-08-22,160.72,,160.28,160.05,1211220.0
2020-08-23,153.17,155.9,152.35,156.08,1157658.0
2020-08-24,139.87,141.89,136.44,137.98,1182815.0
2020-08-25,150.93,151.98,149.28,151.09,802590.0
2020-08-26,146.69,148.28,143.24,144.42,1323174.0
2020-08-27,154.26,156.95,152.34,155.34,807021.0
2020-08-28,146.04,148.14,145.88,145.39,1042564.0
2020-08-29,149.43,152.01,146.53,146.61,997929.0
2020-08-30,152.52,156.5,151.11,156.52,965225.0
2020-08-31,154.33,154.76,151.63,157.12,1267718.0
2020-09-01,144.0,147.62,141.97,142.18,858977.0
2020-09-02,148.33,150.43,147.87,,730078.0
2020-09-03,147.63,148.73,145.46,149.24,1003999.0
2020-09-04,146.73,147.4,,148.66,920034.0
2020-09-05,158.83,160.64,156.33,153.74,1675476.0
2020-09-06,152.02,154.95,150.08,155.04,1135301.0
2020-09-07,143.7,145.57,,141.99,918131.0
2020-09-08,154.59,158.1,152.38,153.52,788777.0
2020-09-09,160.61,161.16,158.4,168.52,623942.0
2020-09-10,155.16,157.15,154.25,156.07,794956.0
2020-09-11,142.4,143.15,140.17,141.24,1022988.0
2020-09-12,147.58,149.94,144.54,140.96,1285465.0
2020-09-13,156.33,159.22,155.17,160.5,
2020-09-14,146.46,148.04,143.04,142.43,1045818.0
2020-09-15,152.22,151.61,150.31,149.21,935366.0
2020-09-16,153.87,156.07,152.76,152.88,1053762.0
2020-09-17,145.37,147.8,142.37,149.61,896272.0
2020-09-18,149.7,152.11,147.99,152.02,1343672.0
2020-09-19,133.79,137.03,131.03,133.32,962161.0
2020-09-20,144.88,145.81,143.17,145.8,982732.0
2020-09-21,148.74,151.42,146.8,146.94,556835.0
2020-09-22,143.76,146.95,141.27,144.18,960913.0
2020-09-23,158.16,158.38,155.87,158.38,1167296.0
2020-09-24,142.85,145.17,142.84,145.76,786455.0
2020-09-25,147.8,149.3,146.92,,849855.0
2020-09-26,150.65,152.57,147.72,152.14,1158542.0
2020-09-27,157.21,159.55,155.34,156.12,704668.0
2020-09-28,142.82,144.33,141.34,145.05,1211560.0
2020-09-29,155.82,157.14,155.17,155.54,893571.0
2020-09-30,150.05,152.09,149.13,146.81,922286.0
2020-10-01,145.09,146.01,145.11,143.88,775224.0
2020-10-02,152.31,153.22,150.41,152.56,1075609.0
2020-10-03,151.0,153.67,,153.73,1491974.0
2020-10-04,147.0,147.85,145.97,146.45,1156299.0
2020-10-05,150.35,153.02,148.42,146.72,827142.0
2020-10-06,148.07,150.54,145.71,148.24,1227124.0
2020-10-07,150.57,150.84,146.47,150.91,936664.0
2020-10-08,153.31,154.63,152.82,153.87,1274896.0
2020-10-09,157.93,161.12,154.77,160.69,1161335.0
2020-10-10,143.81,144.83,140.84,,411371.0
2020-10-11,160.67,162.2,159.44,158.88,799184.0
2020-10-12,140.24,142.7,138.04,138.39,1188877.0
2020-10-13,149.24,152.02,147.7,146.12,1030331.0
2020-10-14,,154.69,150.76,155.04,795248.0
2020-10-15,,152.81,147.9,,873282.0
2020-10-16,146.89,,144.28,145.94,618752.0
2020-10-17,148.96,152.7,146.45,148.24,982325.0
2020-10-18,147.53,150.51,145.97,151.94,1442137.0
2020-10-19,147.05,149.14,,148.57,1160986.0
2020-10-20,154.25,155.44,152.46,155.56,1438083.0
2020-10-21,151.79,152.95,148.58,148.21,1176479.0
2020-10-22,146.54,149.06,146.06,148.57,1205495.0
2020-10-23,154.5,156.92,153.55,151.71,1394815.0
2020-10-24,151.54,154.94,149.41,148.13,1075452.0
2020-10-25,154.06,156.71,153.05,153.02,962554.0
2020-10-26,153.15,153.65,151.94,151.39,1206531.0
2020-10-27,145.86,148.91,144.28,145.19,1290768.0
2020-10-28,147.2,148.2,146.56,142.88,904007.0
2020-10-29,153.74,,152.71,156.61,855686.0
2020-10-30,153.05,155.3,150.35,156.43,1027771.0
2020-10-31,149.9,153.89,149.2,144.05,1166299.0
2020-11-01,150.59,155.7,150.18,153.52,1159618.0
2020-11-02,156.39,159.0,155.02,153.96,715166.0
2020-11-03,147.04,367.23,,149.61,1382321.0
2020-11-04,152.74,155.27,150.93,152.53,871767.0
2020-11-05,148.99,151.88,147.45,149.08,946987.0
2020-11-06,148.91,150.59,146.87,148.36,819469.0
2020-11-07,155.49,159.29,155.24,159.13,1539665.0
2020-11-08,154.13,156.36,151.63,,1048414.0
2020-11-09,154.07,156.57,151.68,155.89,829804.0
2020-11-10,156.53,159.19,154.94,159.83,1172784.0
2020-11-11,150.11,152.53,,152.25,1153827.0
2020-11-12,153.41,156.25,152.54,160.38,962454.0
2020-11-13,148.45,149.83,145.32,146.86,1168121.0
2020-11-14,151.62,153.06,149.47,154.49,834941.0
2020-11-15,149.35,150.25,147.69,149.03,901416.0
2020-11-16,150.48,152.92,148.5,154.19,597956.0
2020-11-17,152.98,155.75,151.08,152.95,735209.0
2020-11-18,145.91,148.37,142.69,144.75,1361526.0
2020-11-19,160.46,164.14,159.54,164.38,1328285.0
2020-11-20,144.97,146.96,143.73,143.5,1013157.0
2020-11-21,143.93,146.6,140.89,139.69,1332586.0
2020-11-22,155.79,156.7,154.39,154.24,967985.0
2020-11-23,153.96,155.57,151.06,155.82,951317.0
2020-11-24,153.12,155.82,149.42,157.3,1011302.0
2020-11-25,153.14,155.99,151.54,153.48,975015.0
2020-11-26,149.94,151.64,147.26,153.89,956960.0
2020-11-27,145.51,147.44,144.67,141.44,1228679.0
2020-11-28,150.38,150.86,147.62,149.05,1030027.0
2020-11-29,146.61,148.26,144.41,145.75,1142496.0
2020-11-30,154.88,157.77,152.4,154.53,1206276.0
2020-12-01,149.26,151.84,147.91,149.52,1077637.0
2020-12-02,145.87,148.37,145.53,147.95,805945.0
2020-12-03,148.39,150.44,,147.06,729426.0
2020-12-04,,154.07,152.13,152.48,1029756.0
2020-12-05,147.18,148.52,145.5,147.05,965748.0
2020-12-06,145.89,148.59,142.95,143.11,1017478.0
2020-12-07,151.22,153.64,149.03,150.88,996789.0
2020-12-08,151.22,153.72,147.28,150.79,1516714.0
2020-12-09,147.47,148.94,144.44,146.97,
2020-12-10,147.64,147.49,146.3,147.74,602010.0
2020-12-11,151.16,154.26,149.13,151.39,1066475.0
2020-12-12,142.76,144.28,140.81,141.46,924715.0
2020-12-13,142.96,144.1,142.54,146.78,1063213.0
2020-12-14,146.41,149.1,145.35,142.9,1116776.0
2020-12-15,148.93,150.54,147.49,146.77,1256820.0
2020-12-16,151.55,154.61,151.59,159.89,698554.0
2020-12-17,157.38,159.99,155.33,154.26,888656.0
2020-12-18,154.29,156.97,152.54,150.23,1085752.0
2020-12-19,149.2,149.83,148.87,151.4,1154092.0
2020-12-20,149.9,153.12,147.5,143.67,1438689.0
2020-12-21,144.99,147.25,142.27,144.28,1191140.0
2020-12-22,149.91,151.54,147.68,156.34,988642.0
2020-12-23,148.56,150.7,146.88,143.92,821912.0
2020-12-24,151.61,151.84,149.02,145.67,887142.0
2020-12-25,145.86,148.27,143.18,141.37,881459.0
2020-12-26,152.6,153.57,150.29,155.29,1131046.0
2020-12-27,157.66,158.31,156.49,161.04,1051399.0
2020-12-28,149.46,149.93,147.18,147.92,735270.0
2020-12-29,152.01,155.12,148.81,154.06,912819.0
2020-12-30,153.45,154.82,152.05,157.62,1175509.0
2020-12-31,147.99,151.53,143.9,153.36,1070332.0
2021-01-01,151.12,152.58,149.65,150.38,1113728.0
2021-01-02,150.06,,148.03,143.16,1076584.0
2021-01-03,150.49,151.37,149.16,148.03,1325286.0
2021-01-04,146.13,149.37,143.91,144.85,1047208.0
2021-01-05,150.12,151.97,149.86,149.35,922795.0
2021-01-06,152.49,153.94,151.04,151.93,816848.0
2021-01-07,157.26,159.42,156.35,160.61,1049921.0
2021-01-08,154.8,157.3,152.66,158.62,511859.0
2021-01-09,160.77,163.88,157.77,160.25,963142.0
2021-01-10,146.16,149.61,143.52,149.46,958832.0
2021-01-11,154.36,156.0,154.73,155.43,727105.0
2021-01-12,150.92,151.59,146.87,151.11,814346.0
2021-01-13,160.95,162.54,158.65,,1161931.0
2021-01-14,145.96,148.22,144.74,146.18,1046142.0
2021-01-15,145.8,146.84,143.64,151.97,1020357.0
2021-01-16,147.0,148.05,144.83,142.69,1061269.0
2021-01-17,,244.65,70.05,137.84,1018525.0
2021-01-18,147.37,149.32,145.17,146.99,1248572.0
2021-01-19,146.2,148.24,144.81,147.52,1024685.0
2021-01-20,150.75,151.99,149.16,154.56,
2021-01-21,151.71,153.48,,151.64,1326025.0
2021-01-22,159.38,160.46,158.81,155.11,1074068.0
2021-01-23,154.75,157.64,152.61,157.28,882149.0
2021-01-24,147.12,150.15,144.53,149.38,749319.0
2021-01-25,145.51,145.66,142.99,139.68,1079182.0
2021-01-26,152.46,153.53,149.64,152.45,976565.0
2021-01-27,143.4,143.9,141.07,138.63,1314829.0
2021-01-28,159.16,160.51,157.69,157.16,930818.0
2021-01-29,155.9,157.81,153.06,153.19,832523.0
2021-01-30,147.65,148.2,147.01,150.08,1179159.0
2021-01-31,141.43,142.51,140.33,141.78,1185056.0
2021-02-01,156.77,157.77,155.73,,1033730.0
2021-02-02,149.43,151.63,146.35,152.07,1135271.0
2021-02-03,156.19,158.26,153.25,151.89,992462.0
2021-02-04,142.03,143.31,139.54,143.02,1046773.0
2021-02-05,,149.18,143.93,144.56,1232998.0
2021-02-06,150.03,151.48,148.91,148.93,1125063.0
2021-02-07,150.23,151.96,,151.75,966145.0
2021-02-08,147.75,151.42,,149.31,1270472.0
2021-02-09,153.11,156.45,150.27,157.13,
2021-02-10,144.66,145.36,142.78,144.42,1410414.0
2021-02-11,149.29,152.12,147.67,150.21,658808.0
2021-02-12,150.6,153.41,148.06,149.29,874581.0
2021-02-13,152.57,153.42,149.7,153.12,991816.0
2021-02-14,,276.17,60.58,154.88,970703.0
2021-02-15,144.38,147.91,142.44,144.08,1201282.0
2021-02-16,142.33,143.21,141.39,136.92,788432.0
2021-02-17,156.39,157.47,,157.38,1052153.0
2021-02-18,151.66,154.68,149.46,152.76,884357.0
2021-02-19,146.26,148.53,143.65,144.22,1059028.0
2021-02-20,157.76,,155.49,153.9,987045.0
2021-02-21,150.58,152.92,150.53,155.01,1018587.0
2021-02-22,155.9,158.29,154.25,157.37,890015.0
2021-02-23,150.34,151.01,150.56,149.65,897987.0
2021-02-24,160.3,163.35,156.93,156.89,1057454.0
2021-02-25,158.78,161.95,157.86,156.31,1188743.0
2021-02-26,148.76,150.53,145.5,152.66,880344.0
2021-02-27,154.86,156.81,151.91,155.27,826246.0
2021-02-28,153.23,153.7,152.13,151.58,1122692.0
2021-03-01,156.84,159.36,155.98,158.37,993499.0
2021-03-02,145.18,147.75,142.83,142.73,1166099.0
2021-03-03,153.43,155.37,152.27,157.93,818840.0
2021-03-04,155.29,158.42,153.19,,644112.0
2021-03-05,141.21,142.87,139.69,139.81,893399.0
2021-03-06,144.08,146.65,143.86,142.2,846729.0
2021-03-07,139.8,140.78,140.03,131.95,
2021-03-08,148.65,150.63,146.43,144.21,872630.0
2021-03-09,153.59,,152.15,,1148203.0
2021-03-10,,159.74,156.06,157.92,942369.0
2021-03-11,150.37,152.0,147.67,149.39,1030094.0
2021-03-12,158.14,160.01,154.97,154.11,1031526.0
2021-03-13,143.1,145.93,141.37,142.26,1038991.0
2021-03-14,141.48,143.05,139.82,143.0,995174.0
2021-03-15,149.72,150.12,147.22,151.31,1102120.0
2021-03-16,151.92,155.67,151.28,146.22,840868.0
2021-03-17,149.84,153.22,147.61,149.45,1279883.0
2021-03-18,139.66,140.37,137.11,135.51,952692.0
2021-03-19,149.55,152.24,146.87,152.26,737690.0
2021-03-20,143.48,144.97,143.41,145.83,1037614.0
2021-03-21,153.35,155.61,152.11,150.65,829763.0
2021-03-22,151.83,154.13,150.71,149.53,1133066.0
2021-03-23,145.3,147.07,143.2,143.92,1441921.0
2021-03-24,147.43,148.65,144.95,140.67,842685.0
2021-03-25,144.7,146.01,141.21,145.71,1066474.0
2021-03-26,149.69,150.77,148.18,148.87,648898.0
2021-03-27,154.78,155.94,153.27,157.69,1090781.0
2021-03-28,145.07,147.0,141.92,141.78,
2021-03-29,152.52,153.8,150.22,150.66,875033.0
2021-03-30,147.35,150.03,144.08,142.83,779742.0
2021-03-31,146.04,149.52,143.75,143.02,1146430.0
2021-04-01,149.46,150.88,148.62,145.92,1201460.0
2021-04-02,144.82,147.06,144.16,147.81,1004677.0
2021-04-03,147.23,149.73,,145.14,827114.0
2021-04-04,144.01,146.48,141.35,144.38,1317904.0
2021-04-05,159.82,161.9,156.64,158.68,849917.0
2021-04-06,150.18,152.92,146.33,146.37,567593.0
2021-04-07,146.5,148.98,143.66,146.0,1091677.0
2021-04-08,151.07,151.83,147.91,152.87,779045.0
2021-04-09,149.44,152.31,148.02,145.82,1197721.0
2021-04-10,148.9,151.78,148.05,151.32,923772.0
2021-04-11,153.07,154.31,150.22,150.52,1120742.0
2021-04-12,153.79,155.83,151.37,,1280300.0
2021-04-13,147.35,150.03,145.24,148.94,758228.0
2021-04-14,,148.91,144.73,145.13,886812.0
2021-04-15,148.62,151.7,146.3,148.74,984865.0
2021-04-16,138.49,142.85,135.21,137.55,1307510.0
2021-04-17,142.42,143.64,139.13,142.81,868323.0
2021-04-18,156.83,157.45,154.29,149.69,881099.0
2021-04-19,158.22,160.53,155.38,152.74,1095628.0
2021-04-20,148.75,151.48,146.24,150.6,884554.0
2021-04-21,152.88,154.65,151.34,155.99,1030505.0
2021-04-22,151.56,155.01,148.8,148.82,689692.0
2021-04-23,165.39,166.06,164.79,164.66,1442865.0
2021-04-24,155.6,158.29,152.54,156.48,730458.0
2021-04-25,149.36,150.75,148.55,151.44,935649.0
2021-04-26,145.22,148.94,142.94,139.14,993503.0
2021-04-27,141.97,145.96,140.81,139.31,1382537.0
2021-04-28,,,148.46,150.02,735030.0
2021-04-29,146.22,147.67,144.25,148.33,1396740.0
2021-04-30,142.89,145.75,142.48,150.38,1151435.0
2021-05-01,,148.38,144.35,146.08,1083419.0
2021-05-02,144.59,146.55,143.17,140.37,
2021-05-03,158.44,160.46,155.55,159.64,1114228.0
2021-05-04,154.41,154.49,152.41,158.37,855302.0
2021-05-05,149.96,151.95,147.56,150.28,1253332.0
2021-05-06,157.4,158.71,156.36,154.68,
2021-05-07,150.39,151.89,148.98,153.26,977368.0
2021-05-08,145.69,149.14,144.15,147.68,888945.0
2021-05-09,157.62,158.36,154.76,154.54,802495.0
2021-05-10,152.69,155.51,149.02,153.84,1148263.0
2021-05-11,144.81,,143.62,147.81,1107091.0
2021-05-12,149.05,150.77,145.97,152.59,1241802.0
2021-05-13,145.62,148.41,145.79,145.42,644024.0
2021-05-14,143.09,145.43,142.28,142.01,1212834.0
2021-05-15,154.63,157.2,153.59,158.31,
2021-05-16,159.55,162.52,158.9,155.92,909671.0
2021-05-17,143.01,144.68,142.59,144.32,1379029.0
2021-05-18,152.81,154.2,150.4,148.7,947367.0
2021-05-19,146.75,147.66,144.96,149.94,725518.0
2021-05-20,147.56,148.74,145.18,146.79,938873.0
2021-05-21,147.04,151.99,144.35,150.84,1209640.0
2021-05-22,145.68,148.92,143.41,147.15,832364.0
2021-05-23,150.24,150.89,147.58,146.57,879932.0
2021-05-24,145.85,146.52,,150.12,1118707.0
2021-05-25,151.35,153.83,150.54,156.01,1000612.0
2021-05-26,149.75,152.3,146.69,152.4,1116924.0
2021-05-27,148.81,151.35,147.39,146.52,1047565.0
2021-05-28,145.46,147.21,144.4,,1095925.0
2021-05-29,147.12,148.99,145.29,147.55,913539.0
2021-05-30,153.78,303.63,69.52,151.67,1046346.0
2021-05-31,152.5,154.59,150.92,157.58,814525.0
2021-06-01,145.11,144.89,142.77,145.55,1257686.0
2021-06-02,150.5,152.27,148.15,142.39,873145.0
2021-06-03,153.76,154.91,152.65,154.78,1225769.0
2021-06-04,141.65,143.83,140.14,140.61,953278.0
2021-06-05,152.72,157.7,149.64,152.49,1040399.0
2021-06-06,146.69,149.05,144.19,145.58,901007.0
2021-06-07,152.85,154.54,148.78,155.27,796800.0
2021-06-08,146.18,149.11,143.0,149.54,651047.0
2021-06-09,140.98,143.46,137.83,141.82,788935.0
2021-06-10,141.86,144.28,141.25,140.84,935218.0
2021-06-11,150.24,152.85,147.48,150.12,1042375.0
2021-06-12,151.3,155.36,149.35,,1202075.0
2021-06-13,145.48,146.35,144.03,143.07,910848.0
2021-06-14,153.19,155.67,151.02,154.93,
2021-06-15,141.69,142.77,138.75,143.07,711457.0
2021-06-16,149.67,152.23,147.17,154.29,1096012.0
2021-06-17,143.94,145.03,142.82,147.71,1276638.0
2021-06-18,146.74,148.32,144.0,144.68,1253266.0
2021-06-19,150.24,151.94,148.87,,1141986.0
2021-06-20,145.7,148.67,143.48,142.85,1127708.0
2021-06-21,148.08,151.0,146.38,150.17,1339524.0
2021-06-22,155.03,155.79,153.25,153.48,1066416.0
2021-06-23,147.12,,144.35,144.05,1129225.0
2021-06-24,154.18,155.47,153.22,155.02,935843.0
2021-06-25,144.35,145.09,140.41,136.33,727591.0
2021-06-26,,154.43,152.47,147.4,863230.0
2021-06-27,157.21,158.9,155.81,156.68,998168.0
2021-06-28,137.64,142.07,135.27,137.89,1012157.0
2021-06-29,146.02,148.45,143.43,144.91,1385257.0
2021-06-30,152.89,153.51,150.99,148.15,1016255.0
2021-07-01,148.98,150.42,147.04,146.53,1235768.0
2021-07-02,151.86,154.88,149.45,153.03,912984.0
2021-07-03,146.98,151.07,145.21,148.73,937664.0
2021-07-04,150.43,150.85,147.04,150.38,734198.0
2021-07-05,149.22,149.34,146.38,,851534.0
2021-07-06,155.84,159.71,152.97,157.03,1105396.0
2021-07-07,151.27,,150.24,149.03,1001512.0
2021-07-08,151.69,152.82,149.77,150.85,1188587.0
2021-07-09,147.94,150.48,146.24,,1036250.0
2021-07-10,147.56,,146.57,147.24,929509.0
2021-07-11,147.84,,145.48,151.17,1429659.0
2021-07-12,151.97,154.3,,154.03,981219.0
2021-07-13,147.9,150.82,145.24,152.1,1232600.0
2021-07-14,151.45,152.43,150.52,150.54,919758.0
2021-07-15,160.38,162.46,156.66,164.42,1141919.0
2021-07-16,154.36,,153.25,153.78,1185603.0
2021-07-17,148.37,150.63,146.15,152.78,1041698.0
2021-07-18,,157.11,153.21,155.94,529103.0
2021-07-19,147.96,,146.53,150.08,1003650.0
2021-07-20,139.81,140.81,136.96,,1246092.0
2021-07-21,144.96,147.61,144.19,144.38,1105496.0
2021-07-22,140.65,143.5,137.19,,1089167.0
2021-07-23,148.24,150.01,146.23,152.11,655548.0
2021-07-24,150.09,152.13,148.69,149.69,
2021-07-25,158.38,158.93,156.68,154.42,1082271.0
2021-07-26,151.63,153.33,148.83,158.06,1082076.0
2021-07-27,148.9,150.85,147.49,147.5,1242933.0
2021-07-28,154.15,158.77,152.9,154.62,971026.0
2021-07-29,138.94,139.83,137.17,142.41,1081164.0
2021-07-30,151.18,154.64,150.36,149.35,1003274.0
2021-07-31,153.85,156.85,150.03,150.83,802611.0
2021-08-01,142.61,144.89,141.17,143.37,548841.0
2021-08-02,155.72,159.48,152.89,150.34,1086201.0
2021-08-03,151.69,154.06,149.48,150.83,1034789.0
2021-08-04,147.92,150.31,146.91,148.66,876364.0
2021-08-05,153.16,155.11,151.17,,676165.0
2021-08-06,161.35,,158.57,156.72,
2021-08-07,150.91,154.01,149.1,155.69,946815.0
2021-08-08,151.24,152.62,148.05,151.55,1111374.0
2021-08-09,147.7,148.38,144.68,152.0,1372809.0
2021-08-10,145.75,147.55,142.83,144.97,571713.0
2021-08-11,154.15,155.35,152.61,151.51,860079.0
2021-08-12,145.72,147.66,144.8,146.53,958124.0
2021-08-13,150.36,153.6,148.97,149.71,1290965.0
2021-08-14,147.61,149.15,145.42,144.08,672719.0
2021-08-15,152.39,154.35,149.85,156.8,1387172.0
2021-08-16,151.67,153.73,151.84,149.8,1027171.0
2021-08-17,155.19,158.04,,149.67,980799.0
2021-08-18,147.45,147.2,145.29,151.43,960388.0
2021-08-19,148.65,150.04,146.93,147.14,912747.0
2021-08-20,145.11,147.32,141.81,143.28,1209623.0
2021-08-21,147.78,150.98,145.36,142.48,786295.0
2021-08-22,151.89,153.39,148.58,157.11,1069082.0
2021-08-23,153.78,153.91,152.0,149.92,923163.0
2021-08-24,145.39,148.01,142.45,145.56,847573.0
2021-08-25,154.35,155.71,150.71,157.09,1517195.0
2021-08-26,156.78,157.59,153.47,158.04,1083810.0
2021-08-27,152.07,153.44,151.16,151.89,1122653.0
2021-08-28,159.38,161.2,157.64,154.28,1227555.0
2021-08-29,146.13,147.53,144.48,143.7,715730.0
2021-08-30,143.78,143.57,141.29,144.34,1350458.0
2021-08-31,141.11,292.8,66.36,138.74,498208.0
2021-09-01,,160.76,156.32,158.09,846246.0
2021-09-02,153.27,155.92,151.2,155.32,908193.0
2021-09-03,149.72,150.58,149.74,152.61,1116344.0
2021-09-04,151.4,153.2,147.96,147.72,
2021-09-05,144.37,338.78,81.69,150.96,966637.0
2021-09-06,162.23,164.83,160.17,164.53,997600.0
2021-09-07,150.65,153.31,148.96,150.64,804395.0
2021-09-08,150.55,151.81,147.4,,700553.0
2021-09-09,153.63,155.71,154.47,160.73,1145302.0
2021-09-10,152.41,154.86,150.42,148.09,1138741.0
2021-09-11,,154.58,149.23,150.44,1316898.0
2021-09-12,146.05,148.75,144.5,138.91,841996.0
2021-09-13,152.36,155.15,148.63,152.94,1138563.0
2021-09-14,159.41,161.49,158.3,160.51,943258.0
2021-09-15,156.73,160.14,153.96,156.61,1238094.0
2021-09-16,157.97,160.38,155.61,156.0,1204392.0
2021-09-17,147.44,148.58,144.18,141.3,1042241.0
2021-09-18,145.05,148.46,143.72,146.17,932093.0
2021-09-19,149.37,152.07,148.1,153.74,1192186.0
2021-09-20,150.28,151.84,147.18,148.51,1129380.0
2021-09-21,155.47,156.99,153.05,156.79,863111.0
2021-09-22,141.54,143.83,141.08,136.83,734440.0
2021-09-23,157.65,160.11,156.19,159.02,942293.0
2021-09-24,149.21,151.41,146.82,148.03,1303082.0
2021-09-25,147.87,150.18,145.03,145.58,1229297.0
2021-09-26,144.94,148.64,143.62,142.66,777534.0
2021-09-27,141.73,144.8,142.64,140.54,766448.0
2021-09-28,154.12,156.31,151.59,155.26,1254936.0
2021-09-29,150.37,153.31,149.59,146.43,772872.0
2021-09-30,143.55,144.52,143.57,142.36,1101859.0
2021-10-01,143.52,145.92,144.36,143.4,876785.0
2021-10-02,148.32,152.13,,145.02,1323408.0
2021-10-03,158.35,160.13,156.22,163.74,845915.0
2021-10-04,148.7,149.85,146.93,146.14,1228672.0
2021-10-05,142.48,143.83,139.1,140.48,1036971.0
2021-10-06,148.77,149.68,146.13,145.84,1050438.0
2021-10-07,148.64,149.85,145.02,154.03,605938.0
2021-10-08,136.52,138.15,135.91,138.17,559417.0
2021-10-09,149.73,150.32,147.76,146.92,955886.0
2021-10-10,148.85,150.86,148.46,,1049381.0
2021-10-11,,156.38,151.71,,774960.0
2021-10-12,159.24,160.34,157.49,160.02,782261.0
2021-10-13,155.63,159.15,153.01,154.6,1112294.0
2021-10-14,148.66,151.17,146.61,146.41,1112570.0
2021-10-15,,147.5,141.84,,972451.0
2021-10-16,162.87,164.21,160.16,161.23,1156040.0
2021-10-17,150.3,153.15,146.14,155.75,765159.0
2021-10-18,150.07,150.98,148.38,146.26,928813.0
2021-10-19,149.88,152.77,148.82,154.49,1329575.0
2021-10-20,150.99,153.16,148.74,150.66,1013664.0
2021-10-21,149.28,151.83,148.08,150.18,1025262.0
2021-10-22,147.13,147.96,143.65,149.63,1461189.0
2021-10-23,147.27,148.37,145.55,145.37,720131.0
2021-10-24,,152.43,148.4,152.43,1159286.0
2021-10-25,147.28,148.33,145.75,139.16,1332797.0
2021-10-26,146.44,148.9,143.72,144.28,935028.0
2021-10-27,150.53,151.17,148.69,147.76,1171926.0
2021-10-28,148.73,151.57,147.37,144.96,803596.0
2021-10-29,157.52,158.29,153.85,156.88,862653.0
2021-10-30,,139.3,135.6,137.9,1076993.0
2021-10-31,155.46,158.08,153.42,157.57,1159713.0
2021-11-01,156.23,157.53,153.58,156.95,1224187.0
2021-11-02,139.63,142.22,139.26,137.64,1313925.0
2021-11-03,148.29,150.55,145.81,149.39,986510.0
2021-11-04,148.14,149.6,147.2,148.52,1238722.0
2021-11-05,142.96,143.95,140.14,,931539.0
2021-11-06,146.11,146.15,145.07,148.44,1180418.0
2021-11-07,144.45,146.8,141.75,144.54,1041497.0
2021-11-08,158.76,159.2,155.66,156.07,1089135.0
2021-11-09,154.68,156.77,151.82,152.72,1084701.0
2021-11-10,156.36,158.09,154.11,154.71,679058.0
2021-11-11,153.61,156.29,151.84,152.66,775175.0
2021-11-12,144.35,146.05,142.93,145.16,1020508.0
2021-11-13,147.38,149.05,143.91,149.52,662544.0
2021-11-14,152.45,155.18,151.15,152.29,1166242.0
2021-11-15,143.89,146.22,142.93,143.94,1174311.0
2021-11-16,153.56,155.88,150.9,153.99,1065434.0
2021-11-17,148.8,151.27,147.59,147.25,775773.0
2021-11-18,148.13,148.59,147.08,145.35,1276027.0
2021-11-19,153.55,156.31,153.0,148.29,1407442.0
2021-11-20,152.22,154.83,150.7,150.14,1029415.0
2021-11-21,,149.18,146.28,149.61,1102107.0
2021-11-22,155.8,157.55,153.55,153.69,1040347.0
2021-11-23,144.59,146.56,141.64,143.88,1106073.0
2021-11-24,153.08,154.95,150.55,154.48,976088.0
2021-11-25,152.97,155.3,151.16,154.53,993087.0
2021-11-26,148.45,151.88,146.65,145.21,1181143.0
2021-11-27,151.63,154.71,149.12,154.62,1469124.0
2021-11-28,143.74,144.43,140.47,147.13,719985.0
2021-11-29,154.62,157.24,152.49,151.23,979237.0
2021-11-30,,152.4,147.54,146.6,763907.0
2021-12-01,147.39,149.77,146.38,150.96,1318404.0
2021-12-02,155.25,158.34,,154.8,882452.0
2021-12-03,146.48,150.49,143.81,139.82,711359.0
2021-12-04,142.96,145.98,140.38,138.76,1127637.0
2021-12-05,142.22,144.47,139.64,,1348862.0
2021-12-06,153.03,156.08,151.16,149.54,1132719.0
2021-12-07,143.6,145.74,140.19,142.36,1040959.0
2021-12-08,158.77,160.8,157.26,158.87,1081828.0
2021-12-09,139.59,141.24,136.64,143.98,1282968.0
2021-12-10,158.48,162.05,156.52,157.61,825160.0
2021-12-11,151.06,152.24,,154.27,977630.0
2021-12-12,149.52,153.05,146.92,153.8,909461.0
2021-12-13,147.28,149.78,144.87,,766426.0
2021-12-14,152.0,152.6,149.64,152.85,934324.0
2021-12-15,,,147.73,143.92,1221544.0
2021-12-16,155.52,155.42,153.55,156.9,1113320.0
2021-12-17,150.57,153.2,146.18,153.72,1128862.0
2021-12-18,150.75,303.77,75.79,150.51,1029295.0
2021-12-19,148.18,149.59,145.46,153.42,1104664.0
2021-12-20,149.72,151.84,147.6,152.29,839881.0
2021-12-21,151.54,155.49,148.53,153.24,938098.0
2021-12-22,141.45,142.94,138.93,144.71,
2021-12-23,143.26,144.2,141.23,144.26,1055503.0
2021-12-24,153.72,157.2,152.02,146.24,1064037.0
2021-12-25,150.85,154.82,148.94,149.36,972332.0
2021-12-26,149.08,151.08,150.25,152.67,924515.0
2021-12-27,150.09,153.1,147.88,147.67,1631554.0
2021-12-28,,155.08,150.23,151.07,1181357.0
2021-12-29,147.3,148.56,143.71,144.17,1082629.0
2021-12-30,146.11,147.62,144.09,151.46,953358.0
2021-12-31,150.98,154.21,150.17,156.02,909756.0
2022-01-01,145.11,148.79,143.16,142.46,973839.0
2022-01-02,152.04,154.6,151.09,152.48,1058565.0
2022-01-03,141.49,142.61,139.01,139.45,623912.0
2022-01-04,155.15,159.13,152.85,,686122.0
2022-01-05,152.36,153.83,149.41,153.89,872623.0
2022-01-06,151.28,,150.07,153.72,1041427.0
2022-01-07,154.91,157.26,152.88,155.91,952145.0
2022-01-08,158.33,161.88,157.69,,1295624.0
2022-01-09,155.07,157.93,152.37,151.99,703520.0
2022-01-10,140.8,143.21,138.28,135.66,849730.0
2022-01-11,143.6,146.07,141.11,142.42,1304018.0
2022-01-12,146.88,148.92,144.87,142.17,1026223.0
2022-01-13,150.13,152.69,147.72,145.65,1176968.0
2022-01-14,152.59,152.06,148.98,,1410249.0
2022-01-15,146.37,148.07,144.66,143.6,861239.0
2022-01-16,,153.18,148.8,148.07,980137.0
2022-01-17,146.22,,145.31,147.78,945514.0
2022-01-18,146.94,149.33,145.81,145.42,609081.0
2022-01-19,142.97,144.76,,142.43,937920.0
2022-01-20,145.38,149.14,142.28,148.07,1176212.0
2022-01-21,,146.81,141.5,140.94,1108117.0
2022-01-22,145.12,146.65,,144.33,1123816.0
2022-01-23,155.27,157.12,153.68,156.37,924898.0
2022-01-24,145.25,147.18,143.79,139.43,868780.0
2022-01-25,163.16,164.71,160.87,156.01,1253851.0
2022-01-26,152.47,154.66,151.96,153.5,900536.0
2022-01-27,150.92,152.17,147.64,152.4,1058816.0
2022-01-28,145.71,,144.37,151.9,1032666.0
2022-01-29,153.5,156.12,150.78,153.98,1292343.0
2022-01-30,147.12,149.75,146.39,149.58,1194282.0
2022-01-31,150.61,151.81,147.94,150.02,740948.0
2022-02-01,162.8,165.7,160.13,163.69,762489.0
2022-02-02,,150.89,147.14,154.52,1115781.0
2022-02-03,155.75,158.0,154.74,149.37,987132.0
2022-02-04,146.48,149.3,144.23,147.72,908965.0
2022-02-05,149.83,151.79,149.01,156.23,1203125.0
2022-02-06,,161.31,157.11,159.7,1037491.0
2022-02-07,146.87,148.35,143.84,151.82,1010491.0
2022-02-08,159.06,160.87,156.27,157.17,1155965.0
2022-02-09,153.54,155.33,151.52,153.44,
2022-02-10,147.19,148.44,146.16,147.29,1313703.0
2022-02-11,153.16,154.99,150.52,146.51,842390.0
2022-02-12,154.86,155.31,152.84,151.36,1131385.0
2022-02-13,153.11,154.62,153.43,149.82,1286766.0
2022-02-14,142.15,143.86,139.37,144.62,724540.0
2022-02-15,146.36,148.11,144.39,148.98,931332.0
2022-02-16,148.76,150.52,145.56,149.73,1228441.0
2022-02-17,149.63,151.57,148.72,152.1,1231448.0
2022-02-18,153.1,155.58,154.28,152.61,965700.0
2022-02-19,150.89,153.76,,154.49,853065.0
2022-02-20,143.32,144.67,,143.35,1191187.0
2022-02-21,151.9,152.7,151.59,152.07,1236709.0
2022-02-22,,154.01,152.03,152.26,767067.0
2022-02-23,152.8,154.31,148.04,154.85,759217.0
2022-02-24,155.4,157.05,153.71,154.14,
2022-02-25,154.17,155.4,151.44,157.1,1125872.0
2022-02-26,152.3,,150.95,148.9,940186.0
2022-02-27,149.65,151.19,149.74,146.35,1135858.0
2022-02-28,141.7,143.88,139.87,,857972.0
2022-03-01,152.15,154.74,150.41,151.88,
2022-03-02,151.04,152.48,149.44,149.68,915219.0
2022-03-03,151.36,152.94,149.47,154.03,1012646.0
2022-03-04,143.62,144.69,141.35,141.79,944832.0
2022-03-05,144.59,146.56,142.74,143.99,768279.0
2022-03-06,155.27,156.42,154.53,159.46,636870.0
2022-03-07,149.8,152.38,147.32,154.42,897182.0
2022-03-08,153.41,153.62,153.36,158.12,1179531.0
2022-03-09,150.14,151.78,150.19,149.3,1251239.0
2022-03-10,150.15,152.45,147.41,153.84,1237542.0
2022-03-11,154.69,156.88,152.18,151.84,836818.0
2022-03-12,147.42,152.11,145.48,144.7,769258.0
2022-03-13,150.48,152.83,,143.43,1099326.0
2022-03-14,147.69,148.68,146.4,152.71,1127020.0
2022-03-15,147.83,149.73,146.09,145.24,1080033.0
2022-03-16,148.45,148.68,148.05,148.07,597187.0
2022-03-17,151.11,153.03,149.85,148.38,826623.0
2022-03-18,147.61,148.77,144.95,149.69,994062.0
2022-03-19,156.28,159.19,152.85,155.15,1097443.0
2022-03-20,145.53,146.98,143.95,141.61,1153461.0
2022-03-21,149.07,150.95,146.31,150.39,
2022-03-22,147.8,149.17,147.72,143.5,1066156.0
2022-03-23,157.23,160.97,154.58,154.72,1016973.0
2022-03-24,150.98,152.66,149.79,144.66,1137123.0
2022-03-25,155.16,158.99,152.85,150.89,1062573.0
2022-03-26,142.57,145.39,140.82,143.11,1013147.0
2022-03-27,151.34,153.82,,145.44,946326.0
2022-03-28,154.45,156.82,,150.0,1016258.0
2022-03-29,,152.81,147.78,150.4,1096918.0
2022-03-30,155.33,155.4,153.61,153.7,1053495.0
2022-03-31,147.41,149.13,145.57,153.39,1076165.0
2022-04-01,157.05,159.89,155.23,162.55,1268544.0
2022-04-02,,163.45,160.34,158.89,1053032.0
2022-04-03,148.19,148.78,146.2,,870200.0
2022-04-04,147.77,149.72,145.84,150.02,1176721.0
2022-04-05,157.27,160.97,155.03,155.47,726760.0
2022-04-06,157.9,161.14,155.81,153.41,783717.0
2022-04-07,147.39,149.32,144.59,147.35,1067169.0
2022-04-08,147.9,150.85,144.98,147.38,1103279.0
2022-04-09,148.59,150.22,147.64,147.28,750989.0
2022-04-10,143.28,143.57,140.41,144.6,923436.0
2022-04-11,145.41,146.48,144.59,143.15,878783.0
2022-04-12,144.98,148.54,142.39,141.52,902664.0
2022-04-13,146.16,147.89,143.54,146.49,1188719.0
2022-04-14,149.83,151.58,149.74,150.98,1141301.0
2022-04-15,151.17,152.87,149.08,147.64,996175.0
2022-04-16,157.75,161.66,156.22,160.54,890807.0
2022-04-17,145.01,148.63,143.77,139.7,730070.0
2022-04-18,154.92,159.14,,153.19,1284036.0
2022-04-19,148.93,150.77,147.58,148.16,1118422.0
2022-04-20,149.75,152.05,148.56,147.84,858666.0
2022-04-21,153.37,153.86,151.3,151.68,1143919.0
2022-04-22,144.39,147.86,141.7,,985955.0
2022-04-23,151.91,152.74,150.05,149.36,942578.0
2022-04-24,150.83,153.05,147.67,158.16,1087042.0
2022-04-25,152.46,153.36,149.93,153.77,
2022-04-26,151.45,,151.62,151.72,931248.0
2022-04-27,162.28,163.44,160.81,163.71,1024292.0
2022-04-28,146.81,148.2,145.37,,900109.0
2022-04-29,147.35,148.81,144.87,144.36,1133817.0
2022-04-30,146.88,148.34,147.51,143.52,1373813.0
2022-05-01,147.22,150.06,142.67,144.96,849140.0
2022-05-02,,147.71,144.28,146.91,666974.0
2022-05-03,155.95,158.17,153.8,150.77,599651.0
2022-05-04,157.1,241.35,86.76,157.17,969906.0
2022-05-05,147.15,148.63,142.8,152.23,867367.0
2022-05-06,145.84,147.12,142.97,146.29,1041572.0
2022-05-07,152.36,154.13,149.41,151.48,1026519.0
2022-05-08,147.24,150.42,145.11,145.38,679356.0
2022-05-09,153.16,155.36,151.31,155.86,637023.0
2022-05-10,151.01,,149.49,148.54,1059186.0
2022-05-11,142.42,,141.25,147.96,1027085.0
2022-05-12,157.74,158.64,156.42,163.54,914836.0
2022-05-13,158.98,161.66,158.33,159.75,668571.0
2022-05-14,146.94,,145.01,146.9,1094278.0
2022-05-15,148.06,357.18,55.71,151.15,1254379.0
2022-05-16,151.43,152.59,149.24,154.71,1055596.0
2022-05-17,151.67,152.79,149.71,,830505.0
2022-05-18,153.29,155.83,151.15,151.71,1008910.0
2022-05-19,160.05,,158.57,156.08,726777.0
2022-05-20,149.12,150.48,144.04,150.34,1211592.0
2022-05-21,146.01,148.47,142.65,148.01,1016368.0
2022-05-22,143.1,143.02,142.35,139.05,646368.0
2022-05-23,146.35,147.76,144.11,144.98,939865.0
2022-05-24,149.83,151.8,148.44,,1092660.0
2022-05-25,158.97,160.06,157.99,156.28,933390.0
2022-05-26,147.41,148.48,146.75,149.06,944820.0
2022-05-27,151.12,152.45,148.69,148.92,
2022-05-28,149.92,152.21,148.6,149.02,1113308.0
2022-05-29,155.94,,152.97,151.06,870306.0
2022-05-30,162.63,162.4,159.64,163.2,568710.0
2022-05-31,147.35,147.22,143.97,147.21,925748.0
2022-06-01,147.55,148.95,146.41,145.37,1196229.0
2022-06-02,155.22,157.68,,154.65,922614.0
2022-06-03,153.41,,150.78,153.95,1347596.0
2022-06-04,159.23,160.73,157.71,156.79,1085793.0
2022-06-05,152.92,154.39,151.69,148.49,1067751.0
2022-06-06,148.2,151.59,144.59,153.62,974320.0
2022-06-07,152.95,,150.73,151.05,986342.0
2022-06-08,,,152.91,155.25,947315.0
2022-06-09,,156.24,152.92,157.13,939546.0
2022-06-10,152.54,152.41,151.76,163.12,1106173.0
2022-06-11,155.33,,153.9,,812833.0
2022-06-12,155.85,158.06,153.97,157.2,784821.0
2022-06-13,156.91,159.42,155.98,154.79,775360.0
2022-06-14,153.24,159.17,151.25,151.63,1409130.0
2022-06-15,149.16,,148.85,147.0,1106068.0
2022-06-16,150.73,154.46,149.85,147.36,1060898.0
2022-06-17,156.03,157.75,,155.91,788497.0
2022-06-18,145.92,148.2,143.31,141.49,1124668.0
2022-06-19,151.84,153.8,150.24,154.68,976685.0
2022-06-20,148.03,149.61,147.05,148.2,1042833.0
2022-06-21,150.14,,149.17,151.41,804675.0
2022-06-22,156.39,158.72,154.77,154.99,1032053.0
2022-06-23,150.96,151.44,148.31,149.85,915233.0
2022-06-24,150.23,152.98,147.3,151.09,846877.0
2022-06-25,143.2,144.78,141.7,139.71,1146821.0
2022-06-26,153.73,154.6,152.88,152.66,692458.0
2022-06-27,153.23,154.78,150.96,150.65,1112955.0
2022-06-28,160.82,164.07,159.64,158.14,1136897.0
2022-06-29,148.46,149.93,146.98,142.13,824071.0
2022-06-30,151.1,,147.77,155.11,835934.0
2022-07-01,151.25,152.52,148.42,149.19,955394.0
2022-07-02,157.89,,155.73,161.38,1056407.0
2022-07-03,,152.21,148.8,152.73,969429.0
2022-07-04,151.4,155.24,149.18,147.54,1086712.0
2022-07-05,153.04,154.86,149.98,149.77,1352595.0
2022-07-06,150.93,153.6,149.31,158.61,898456.0
2022-07-07,147.77,149.87,144.42,153.02,656964.0
2022-07-08,150.97,154.27,147.68,150.88,1165184.0
2022-07-09,155.37,156.65,151.7,156.14,1336662.0
2022-07-10,144.87,147.61,142.56,142.97,1078553.0
2022-07-11,150.66,152.47,148.08,151.96,782450.0
2022-07-12,146.5,148.44,143.09,144.35,975221.0
2022-07-13,155.98,158.07,,149.88,776295.0
2022-07-14,142.38,144.64,140.89,138.42,1128571.0
2022-07-15,,149.09,145.65,147.27,729741.0
2022-07-16,151.89,154.1,149.65,148.49,939974.0
2022-07-17,157.83,161.41,157.12,157.63,799132.0
2022-07-18,149.67,152.66,147.81,146.45,1025364.0
2022-07-19,147.22,150.09,144.13,144.88,926731.0
2022-07-20,159.41,160.95,159.6,161.97,1035352.0
2022-07-21,142.76,143.87,,143.5,1004470.0
2022-07-22,139.01,141.96,135.88,138.98,802668.0
2022-07-23,152.2,155.08,150.66,154.84,1125375.0
2022-07-24,147.49,150.96,,148.93,990246.0
2022-07-25,,146.29,142.89,149.23,802294.0
2022-07-26,153.54,155.31,150.31,152.16,1448185.0
2022-07-27,151.22,151.58,148.24,149.93,1095286.0
2022-07-28,147.18,148.79,146.58,143.28,969347.0
2022-07-29,143.6,146.6,141.01,142.31,1283040.0
2022-07-30,154.36,155.9,152.57,157.26,1368363.0
2022-07-31,,155.89,151.17,157.15,970930.0
2022-08-01,149.5,151.31,148.23,152.39,1069479.0
2022-08-02,159.23,161.56,155.49,153.85,802399.0
2022-08-03,144.65,246.44,78.96,147.9,970561.0
2022-08-04,142.37,346.55,,136.86,960187.0
2022-08-05,146.54,145.55,145.88,149.23,1036965.0
2022-08-06,149.77,151.59,148.16,148.67,1066552.0
2022-08-07,151.22,151.59,148.78,153.32,1111965.0
2022-08-08,148.79,152.0,146.55,144.8,1047528.0
2022-08-09,151.76,154.54,148.51,155.27,757851.0
2022-08-10,143.74,146.21,140.95,139.35,812306.0
2022-08-11,157.22,160.74,154.25,155.21,890718.0
2022-08-12,149.59,150.64,147.26,146.59,943551.0
2022-08-13,155.59,159.33,154.98,150.32,1210154.0
2022-08-14,151.71,154.65,149.91,152.0,767412.0
2022-08-15,152.28,154.05,149.22,157.7,928516.0
2022-08-16,152.85,155.98,150.9,160.85,1190601.0
2022-08-17,152.24,153.13,149.74,152.53,940024.0
2022-08-18,153.21,154.39,151.53,156.56,1092083.0
2022-08-19,156.65,158.04,155.68,157.34,972091.0
2022-08-20,150.98,152.45,149.11,152.48,1051356.0
2022-08-21,153.55,154.49,151.24,152.52,954305.0
2022-08-22,149.55,152.77,148.21,150.14,1133413.0
2022-08-23,157.2,158.94,155.44,158.81,690988.0
2022-08-24,146.62,148.97,145.56,144.88,927337.0
2022-08-25,159.0,160.43,155.89,,1059314.0
2022-08-26,149.8,149.98,148.09,149.62,1106739.0
2022-08-27,142.85,145.12,139.39,145.33,1298590.0
2022-08-28,150.64,150.73,147.11,147.44,921795.0
2022-08-29,,,144.68,146.44,1295896.0
2022-08-30,154.2,154.83,153.21,159.94,868195.0
2022-08-31,146.74,150.72,146.82,150.23,1265729.0
2022-09-01,147.77,150.68,147.24,151.82,1163493.0
2022-09-02,140.55,142.66,139.93,140.63,817308.0
2022-09-03,147.74,151.0,,148.7,1061407.0
2022-09-04,137.88,139.03,135.76,140.89,989752.0
2022-09-05,142.08,144.62,139.69,146.76,1125116.0
2022-09-06,153.8,156.0,154.02,147.95,955345.0
2022-09-07,153.93,156.19,153.13,,938550.0
2022-09-08,152.13,155.4,149.24,156.06,1273818.0
2022-09-09,145.17,147.9,142.88,144.33,980255.0
2022-09-10,149.76,152.05,147.91,147.75,1165284.0
2022-09-11,,150.33,147.42,146.22,954929.0
2022-09-12,144.21,145.25,140.57,142.54,1333332.0
2022-09-13,157.52,159.39,155.74,153.31,864333.0
2022-09-14,154.39,156.48,152.32,160.66,877171.0
2022-09-15,148.9,149.76,146.7,148.83,1304903.0
2022-09-16,150.13,154.55,145.74,,911010.0
2022-09-17,151.04,154.56,151.14,152.81,1320214.0
2022-09-18,139.79,142.39,137.11,142.68,1178368.0
2022-09-19,,150.84,146.88,151.6,969070.0
2022-09-20,146.59,148.38,144.02,149.81,637341.0
2022-09-21,144.99,334.18,56.24,143.1,996136.0
2022-09-22,148.59,150.67,146.64,147.7,1020326.0
2022-09-23,158.99,161.25,156.28,161.3,1233443.0
2022-09-24,153.2,,148.09,151.62,1317689.0
2022-09-25,147.14,149.48,144.34,147.13,863002.0
2022-09-26,152.86,,151.71,154.06,1160236.0
2022-09-27,157.0,157.09,155.42,159.35,1153080.0
2022-09-28,,155.76,153.08,149.29,1214682.0
2022-09-29,150.3,151.88,150.09,152.44,1099737.0
2022-09-30,146.77,150.65,145.1,146.06,611500.0
2022-10-01,153.49,156.05,150.76,155.61,968915.0
2022-10-02,151.97,152.63,151.24,154.3,768858.0
2022-10-03,154.48,156.96,151.43,159.3,959478.0
2022-10-04,153.18,153.63,,157.24,
2022-10-05,155.25,158.33,153.98,159.29,1061030.0
2022-10-06,147.32,148.85,145.47,151.65,1229618.0
2022-10-07,,158.49,,157.46,1068350.0
2022-10-08,150.99,154.31,148.25,151.08,740334.0
2022-10-09,160.38,161.09,158.37,162.99,495830.0
2022-10-10,146.55,147.16,144.79,148.75,1029761.0
2022-10-11,158.68,160.1,156.6,157.75,957214.0
2022-10-12,150.99,365.76,52.01,152.2,804610.0
2022-10-13,146.74,147.22,146.85,146.64,659874.0
2022-10-14,147.58,146.75,143.54,145.02,853051.0
2022-10-15,148.4,149.95,146.24,152.27,961101.0
2022-10-16,152.12,154.67,149.72,152.29,1133175.0
2022-10-17,152.61,155.81,,158.76,1037726.0
2022-10-18,147.13,148.67,145.87,142.26,1321613.0
2022-10-19,149.88,151.47,148.06,148.21,792879.0
2022-10-20,160.71,163.87,160.31,160.81,1176211.0
2022-10-21,158.64,158.77,,162.05,1009459.0
2022-10-22,152.18,153.79,151.42,153.38,1138933.0
2022-10-23,150.19,152.38,149.22,151.12,
2022-10-24,150.6,153.05,149.04,,1214336.0
2022-10-25,153.07,154.56,149.78,149.6,1059044.0
2022-10-26,144.89,146.92,142.87,145.85,864111.0
2022-10-27,148.71,148.22,147.95,144.62,997595.0
2022-10-28,141.66,143.0,138.4,,952088.0
2022-10-29,152.0,154.45,149.27,153.5,1097835.0
2022-10-30,153.24,154.25,150.7,150.29,764044.0
2022-10-31,147.58,149.64,144.87,152.4,994129.0
2022-11-01,157.87,160.32,153.48,161.54,1079061.0
2022-11-02,143.87,145.53,139.69,139.16,1006604.0
2022-11-03,142.68,144.85,141.36,139.88,1269388.0
2022-11-04,151.12,152.16,147.5,144.26,1154804.0
2022-11-05,155.24,157.03,152.85,152.89,998503.0
2022-11-06,158.42,161.03,155.92,160.72,1043337.0
2022-11-07,147.71,149.86,147.4,,1059133.0
2022-11-08,155.39,156.81,153.56,156.78,1080659.0
2022-11-09,149.81,152.03,148.62,145.24,634868.0
2022-11-10,149.14,151.85,146.31,151.53,939694.0
2022-11-11,154.42,154.37,151.35,152.75,703112.0
2022-11-12,153.26,156.42,153.34,153.3,1255656.0
2022-11-13,142.12,143.78,140.14,141.84,987830.0
2022-11-14,157.38,159.81,154.26,153.57,961331.0
2022-11-15,156.9,160.1,155.09,153.44,1179359.0
2022-11-16,146.87,147.5,144.14,149.78,1084464.0
2022-11-17,151.98,153.27,149.63,153.18,774273.0
2022-11-18,152.47,313.46,64.14,155.62,985818.0
2022-11-19,151.3,152.52,149.57,152.28,932966.0
2022-11-20,147.25,150.98,146.47,147.68,651093.0
2022-11-21,146.64,147.79,145.76,141.46,861944.0
2022-11-22,149.87,151.32,147.16,149.06,963291.0
2022-11-23,155.86,158.07,,155.78,977009.0
2022-11-24,152.72,153.52,150.86,158.58,703553.0
2022-11-25,148.15,149.75,,150.21,1230333.0
2022-11-26,153.86,156.18,152.16,,979579.0
2022-11-27,135.76,137.42,132.71,137.55,1007510.0
2022-11-28,155.74,157.65,154.08,,1080128.0
2022-11-29,141.3,142.77,140.64,141.65,842384.0
2022-11-30,148.19,148.67,145.44,148.9,1091271.0
2022-12-01,144.4,146.72,142.61,141.58,926585.0
2022-12-02,143.53,147.28,141.5,142.37,820682.0
2022-12-03,155.8,157.82,152.2,155.19,1114689.0
2022-12-04,147.66,149.89,145.68,,1298334.0
2022-12-05,151.73,154.43,149.44,145.49,1144965.0
2022-12-06,149.77,150.5,148.94,153.38,1184595.0
2022-12-07,152.39,156.09,150.6,149.57,895873.0
2022-12-08,150.38,152.59,147.77,146.27,680476.0
2022-12-09,143.59,147.22,143.14,147.12,1298027.0
2022-12-10,154.98,156.25,152.78,157.18,1410902.0
2022-12-11,147.53,,145.43,151.29,1308561.0
2022-12-12,142.22,144.99,140.18,144.62,932842.0
2022-12-13,147.86,150.41,144.82,154.04,769073.0
2022-12-14,,159.74,155.17,159.18,786863.0
2022-12-15,154.25,156.0,150.77,153.78,663253.0
2022-12-16,148.26,151.46,147.25,149.29,978524.0
2022-12-17,148.25,150.39,146.12,151.98,1321135.0
2022-12-18,148.39,148.42,146.31,146.05,971667.0
2022-12-19,160.38,161.27,159.45,158.43,1060464.0
2022-12-20,,153.72,148.95,150.98,1275119.0
2022-12-21,152.15,154.46,147.83,145.84,919180.0
2022-12-22,155.15,157.09,153.17,155.57,1407106.0
2022-12-23,151.19,154.41,148.69,145.54,1398418.0
2022-12-24,148.7,148.75,146.62,148.86,973777.0
2022-12-25,,151.16,147.73,151.61,884493.0
2022-12-26,149.64,149.82,149.46,148.21,1139447.0
2022-12-27,149.81,152.57,148.52,154.85,930495.0
2022-12-28,153.64,155.54,153.03,149.26,768688.0
2022-12-29,150.26,152.68,146.56,153.83,1256247.0
2022-12-30,153.66,154.8,151.78,155.69,1243289.0
2022-12-31,,152.88,,144.45,1031102.0
2023-01-01,150.39,153.43,147.5,158.53,747427.0
2023-01-02,140.01,142.59,139.13,139.82,
2023-01-03,154.58,156.45,153.35,151.95,1021445.0
2023-01-04,151.73,154.31,149.66,147.51,900025.0
2023-01-05,154.99,156.28,151.96,154.33,931781.0
2023-01-06,135.52,138.37,133.02,135.14,1204392.0
2023-01-07,160.44,164.09,158.19,160.75,1146635.0
2023-01-08,149.3,152.37,147.22,148.41,1275628.0
2023-01-09,155.54,156.81,153.14,157.44,801875.0
2023-01-10,144.8,366.98,71.79,143.64,931361.0
2023-01-11,153.06,153.77,152.09,147.26,1151796.0
2023-01-12,144.73,,142.69,144.28,1089615.0
2023-01-13,146.88,149.33,145.95,139.78,1306476.0
2023-01-14,159.57,159.7,157.49,160.63,1084107.0
2023-01-15,149.05,149.88,147.53,146.11,1369621.0
2023-01-16,151.09,152.8,146.55,151.58,1108003.0
2023-01-17,154.35,156.05,152.39,158.29,1212433.0
2023-01-18,152.48,153.27,151.88,149.63,935297.0
2023-01-19,150.75,153.14,148.89,153.94,1002857.0
2023-01-20,151.82,154.08,149.31,150.52,1182188.0
2023-01-21,,,158.34,,1322595.0
2023-01-22,149.71,150.96,148.3,148.62,1145847.0
2023-01-23,151.01,154.05,150.59,148.48,983365.0
2023-01-24,155.25,158.91,152.44,157.31,1275467.0
2023-01-25,155.53,157.04,154.91,,561604.0
2023-01-26,155.94,157.32,154.37,153.41,715553.0
2023-01-27,153.19,155.68,151.45,151.76,1136326.0
2023-01-28,144.28,145.93,142.35,,1002821.0
2023-01-29,158.17,160.03,155.48,162.19,1121102.0
2023-01-30,144.27,147.01,142.95,138.47,1012881.0
2023-01-31,151.51,151.6,149.79,151.58,1114189.0
2023-02-01,146.23,149.55,144.24,148.1,837119.0
2023-02-02,149.68,151.75,147.53,150.26,1114097.0
2023-02-03,151.64,153.23,149.55,155.57,1198882.0
2023-02-04,151.61,153.52,149.17,151.38,1244110.0
2023-02-05,152.11,154.07,149.27,151.56,1402710.0
2023-02-06,158.07,158.34,155.68,159.85,1048819.0
2023-02-07,152.27,155.76,149.81,152.57,1054782.0
2023-02-08,148.78,150.82,148.36,147.61,695365.0
2023-02-09,154.82,157.26,152.77,156.37,893717.0
2023-02-10,155.95,,153.47,153.99,961383.0
2023-02-11,143.86,144.84,141.13,142.03,1210063.0
2023-02-12,152.99,155.46,151.68,151.4,877799.0
2023-02-13,153.51,155.24,152.16,157.57,1159268.0
2023-02-14,148.51,151.36,147.09,138.85,999675.0
2023-02-15,156.88,156.75,154.34,158.07,964566.0
2023-02-16,149.25,151.15,146.22,149.35,1049778.0
2023-02-17,150.63,152.03,149.04,145.59,921768.0
2023-02-18,149.13,151.57,146.23,150.06,914192.0
2023-02-19,150.08,152.55,147.95,151.51,659042.0
2023-02-20,144.52,145.81,,146.29,950409.0
2023-02-21,142.8,144.09,141.01,134.84,904006.0
2023-02-22,157.97,159.86,155.23,162.07,896803.0
2023-02-23,145.77,146.87,143.44,143.55,1083374.0
2023-02-24,145.04,147.89,140.77,147.1,1131726.0
2023-02-25,139.23,140.86,138.09,141.46,1046438.0
2023-02-26,146.81,145.9,144.29,144.18,1199083.0
2023-02-27,143.38,145.01,141.91,145.37,1115112.0
2023-02-28,158.21,159.17,157.08,157.05,940988.0
2023-03-01,155.05,155.42,153.06,148.83,907428.0
2023-03-02,146.56,147.32,144.42,150.06,1062564.0
2023-03-03,161.26,163.37,156.34,158.94,1114753.0
2023-03-04,154.91,158.24,153.09,152.35,1279568.0
2023-03-05,148.38,150.69,147.51,147.17,1238234.0
2023-03-06,137.5,,135.23,138.32,891705.0
2023-03-07,161.45,163.91,161.53,161.28,979598.0
2023-03-08,143.05,144.59,141.14,144.7,1134203.0
2023-03-09,141.77,143.08,139.76,137.75,1213599.0
2023-03-10,155.11,,152.32,152.89,1187793.0
2023-03-11,162.2,162.45,159.23,161.85,987224.0
2023-03-12,156.92,158.53,155.42,162.62,749195.0
2023-03-13,152.82,154.98,150.97,152.48,800212.0
2023-03-14,152.97,154.88,151.74,156.23,1054526.0
2023-03-15,154.27,155.85,153.4,154.38,1068445.0
2023-03-16,153.79,154.85,,152.34,780264.0
2023-03-17,151.41,154.01,150.68,150.67,1008913.0
2023-03-18,,151.2,148.94,150.02,1126244.0
2023-03-19,149.69,152.46,148.68,151.5,769754.0
2023-03-20,146.23,147.23,143.68,150.35,1220999.0
2023-03-21,148.6,149.84,144.8,149.68,924493.0
2023-03-22,141.54,142.07,140.84,145.1,1251522.0
2023-03-23,149.51,151.01,149.36,146.61,893309.0
2023-03-24,145.06,148.03,143.18,143.81,794674.0
2023-03-25,,147.0,142.47,142.31,908372.0
2023-03-26,150.9,153.88,148.68,151.84,980970.0
2023-03-27,156.96,159.48,,155.88,922304.0
2023-03-28,154.59,155.49,152.79,156.78,956799.0
2023-03-29,142.15,143.82,139.78,139.35,1066793.0
2023-03-30,145.05,146.27,142.01,145.18,965764.0
2023-03-31,154.7,158.03,154.66,,986777.0
2023-04-01,145.09,145.89,143.46,138.89,658154.0
2023-04-02,148.88,151.77,146.66,,1078339.0
2023-04-03,152.75,155.64,151.67,151.9,982159.0
2023-04-04,145.16,148.99,141.43,139.08,1322058.0
2023-04-05,150.53,152.12,149.16,151.0,812086.0
2023-04-06,143.33,146.04,141.37,143.43,638340.0
2023-04-07,146.99,151.27,144.44,146.75,1123613.0
2023-04-08,151.6,152.98,150.19,154.57,1069305.0
2023-04-09,142.04,142.5,141.88,144.28,798313.0
2023-04-10,152.2,152.32,,153.1,694050.0
2023-04-11,149.9,152.61,146.87,151.25,1307479.0
2023-04-12,152.76,152.88,151.1,152.45,1282822.0
2023-04-13,151.12,152.75,,156.45,502508.0
2023-04-14,156.82,159.26,153.9,152.38,908355.0
2023-04-15,150.63,152.81,148.96,151.05,1332838.0
2023-04-16,147.85,150.28,146.36,148.05,904787.0
2023-04-17,150.61,152.83,148.46,153.05,901877.0
2023-04-18,152.72,156.0,149.95,150.18,943448.0
2023-04-19,150.24,151.29,145.86,145.01,775820.0
2023-04-20,150.2,151.53,147.38,150.67,659044.0
2023-04-21,146.49,147.72,143.33,147.33,1210509.0
2023-04-22,146.69,,145.19,151.15,
2023-04-23,142.99,145.89,,139.18,1049454.0
2023-04-24,158.75,161.2,156.69,162.21,1177315.0
2023-04-25,143.78,146.96,141.67,150.88,709754.0
2023-04-26,146.54,147.36,,145.4,815146.0
2023-04-27,146.41,150.08,144.58,142.54,1242635.0
2023-04-28,154.47,158.0,152.08,153.25,1106578.0
2023-04-29,148.53,151.26,146.16,148.57,876542.0
2023-04-30,156.24,160.02,153.73,157.93,1240449.0
2023-05-01,146.63,146.98,144.34,144.86,1241307.0
2023-05-02,151.39,152.87,149.9,156.06,1053810.0
2023-05-03,145.82,147.09,144.34,142.48,819967.0
2023-05-04,160.73,163.45,159.92,155.51,
2023-05-05,144.06,145.01,140.28,147.38,1057277.0
2023-05-06,151.55,154.31,149.54,144.73,
2023-05-07,153.17,156.54,151.39,152.56,1187791.0
2023-05-08,152.07,154.76,151.0,161.42,694045.0
2023-05-09,149.07,151.36,144.14,149.04,701147.0
2023-05-10,149.35,,148.42,145.99,1036174.0
2023-05-11,,151.37,148.65,150.05,901691.0
2023-05-12,149.26,152.51,146.85,149.11,874590.0
2023-05-13,154.82,157.6,152.22,155.3,646388.0
2023-05-14,161.05,163.01,158.09,163.04,1003909.0
2023-05-15,147.21,148.79,143.4,144.1,989448.0
2023-05-16,143.15,143.13,140.64,148.21,1130695.0
2023-05-17,149.56,150.49,148.61,150.29,1013781.0
2023-05-18,162.9,166.81,161.16,165.08,973479.0
2023-05-19,145.98,146.7,143.67,144.1,1235400.0
2023-05-20,158.2,160.39,154.13,162.05,737506.0
2023-05-21,,,157.79,157.62,1107277.0
2023-05-22,,147.98,144.03,148.06,665770.0
2023-05-23,152.84,155.03,150.67,150.05,832327.0
2023-05-24,,161.08,155.3,155.15,757468.0
2023-05-25,148.1,150.12,146.21,150.17,1156388.0
2023-05-26,148.98,153.85,147.82,147.65,986917.0
2023-05-27,147.09,147.42,144.34,144.53,997299.0
2023-05-28,144.93,147.98,142.27,143.0,778653.0
2023-05-29,146.75,148.58,143.78,148.85,940061.0
2023-05-30,143.88,146.65,141.89,,847306.0
2023-05-31,150.17,,148.77,149.82,1076691.0
2023-06-01,146.15,147.42,145.71,146.2,801781.0
2023-06-02,151.17,153.4,148.35,145.42,1265958.0
2023-06-03,142.22,142.36,139.8,137.81,664883.0
2023-06-04,151.65,154.26,150.62,152.66,
2023-06-05,154.17,156.47,152.71,,1335440.0
2023-06-06,140.03,142.67,138.5,143.2,
2023-06-07,151.87,154.93,151.35,154.77,737024.0
2023-06-08,156.14,158.51,154.96,158.3,1043814.0
2023-06-09,143.95,146.1,143.09,,904921.0
2023-06-10,158.36,159.48,,158.11,832825.0
2023-06-11,152.1,153.38,150.83,154.04,780825.0
2023-06-12,146.47,149.66,,144.72,1553674.0
2023-06-13,149.72,153.16,,157.08,949689.0
2023-06-14,152.79,154.55,149.54,158.74,614886.0
2023-06-15,150.38,152.43,149.16,150.42,1298741.0
2023-06-16,152.69,153.79,150.42,153.85,1122214.0
2023-06-17,145.4,148.57,142.98,149.47,846706.0
2023-06-18,150.85,153.51,147.66,150.41,813376.0
2023-06-19,142.93,146.87,141.75,140.96,1134694.0
2023-06-20,149.44,150.57,146.35,152.07,950616.0
2023-06-21,145.48,147.1,,145.72,614804.0
2023-06-22,146.32,148.55,145.66,146.87,1357447.0
2023-06-23,156.18,158.83,153.46,153.68,913201.0
2023-06-24,155.46,157.24,,150.3,1299114.0
2023-06-25,153.05,154.17,148.46,153.75,1255686.0
2023-06-26,144.54,147.42,143.74,147.25,799798.0
2023-06-27,148.42,151.14,145.72,147.74,1206637.0
2023-06-28,156.07,157.15,154.48,160.37,869711.0
2023-06-29,150.71,154.06,147.93,148.6,626659.0
2023-06-30,161.6,164.77,161.07,158.43,
2023-07-01,151.97,154.1,151.23,151.76,1079527.0
2023-07-02,150.96,153.04,149.74,150.71,907452.0
2023-07-03,148.45,151.01,146.38,150.76,938590.0
2023-07-04,150.67,151.81,149.31,148.34,1228713.0
2023-07-05,149.24,151.27,146.58,153.34,1021298.0
2023-07-06,153.54,153.39,150.51,159.44,831340.0
2023-07-07,154.78,157.66,152.18,154.67,1140406.0
2023-07-08,146.07,146.51,142.45,149.82,1039535.0
2023-07-09,143.34,146.85,140.93,140.17,495679.0
2023-07-10,140.82,142.49,140.04,144.04,1085670.0
2023-07-11,152.54,154.33,149.18,155.68,1078365.0
2023-07-12,144.48,145.86,143.09,147.07,1004024.0
2023-07-13,139.24,140.95,136.33,139.19,1178340.0
2023-07-14,151.94,155.36,148.37,143.08,865521.0
2023-07-15,,161.98,160.01,160.54,1067299.0
2023-07-16,149.97,,149.47,148.09,686608.0
2023-07-17,154.19,156.53,,151.26,1081418.0
2023-07-18,150.41,151.2,147.09,150.78,1390611.0
2023-07-19,149.51,150.43,147.67,148.25,801028.0
2023-07-20,154.6,158.27,152.52,152.12,848039.0
2023-07-21,148.55,149.6,145.79,145.37,857996.0
2023-07-22,151.34,,148.64,149.19,1025999.0
2023-07-23,151.61,154.75,149.33,154.97,787392.0
2023-07-24,146.66,149.0,144.87,,1084249.0
2023-07-25,154.96,156.02,153.27,153.42,1169367.0
2023-07-26,149.13,151.34,146.27,147.76,1106869.0
2023-07-27,146.22,147.2,143.67,147.24,646316.0
2023-07-28,152.68,155.78,150.94,154.05,1199033.0
2023-07-29,145.51,148.57,142.43,136.37,1187473.0
2023-07-30,150.14,152.67,148.27,153.21,1166032.0
2023-07-31,149.95,152.32,148.81,154.26,1074568.0
2023-08-01,155.43,159.19,154.19,152.28,1044037.0
2023-08-02,152.37,154.37,,149.46,1206477.0
2023-08-03,149.87,150.69,148.15,148.52,1384702.0
2023-08-04,154.09,156.54,150.86,151.82,809391.0
2023-08-05,156.95,161.04,155.76,157.62,1215625.0
2023-08-06,152.79,153.77,150.6,146.95,982756.0
2023-08-07,150.05,151.69,148.71,146.7,974065.0
2023-08-08,143.44,145.86,141.7,148.06,692693.0
2023-08-09,144.67,146.62,144.18,,943042.0
2023-08-10,148.47,149.49,146.69,152.2,800547.0
2023-08-11,146.95,150.07,145.15,148.02,907229.0
2023-08-12,,153.39,146.52,143.64,780362.0
2023-08-13,150.28,152.48,148.06,152.19,910218.0
2023-08-14,152.65,153.74,151.85,152.3,918777.0
2023-08-15,149.65,150.1,146.56,148.28,1019350.0
2023-08-16,152.43,154.69,150.22,153.17,677050.0
2023-08-17,150.32,153.43,148.12,151.75,710896.0
2023-08-18,140.12,142.6,138.13,142.25,1072382.0
2023-08-19,145.3,147.3,143.82,148.84,840512.0
2023-08-20,149.28,150.69,147.06,150.5,1214905.0
2023-08-21,143.95,144.86,141.48,139.82,1045053.0
2023-08-22,153.0,155.83,152.75,151.58,1121352.0
2023-08-23,157.65,160.57,156.19,166.48,1282138.0
2023-08-24,156.09,156.55,154.35,158.27,938057.0
2023-08-25,148.93,152.52,146.68,,885102.0
2023-08-26,157.45,160.03,154.26,161.64,1174340.0
2023-08-27,150.74,154.14,149.52,151.47,1101902.0
2023-08-28,148.31,148.97,,149.22,962533.0
2023-08-29,146.93,147.57,145.45,146.82,1278291.0
2023-08-30,148.49,150.34,147.29,,957551.0
2023-08-31,148.06,150.56,146.41,148.11,1006554.0
2023-09-01,150.85,154.65,148.08,154.48,1004244.0
2023-09-02,150.8,153.51,149.86,149.0,813081.0
2023-09-03,150.02,151.77,147.59,151.25,1015517.0
2023-09-04,152.18,153.16,151.89,154.74,1279352.0
2023-09-05,155.95,159.18,154.51,153.22,1088993.0
2023-09-06,154.75,155.78,153.08,153.39,
2023-09-07,142.58,146.2,138.9,139.52,967646.0
2023-09-08,137.23,138.95,135.51,134.76,1066173.0
2023-09-09,154.67,158.26,154.87,150.81,1149953.0
2023-09-10,143.17,145.84,143.16,140.46,1121847.0
2023-09-11,148.88,150.74,146.84,153.13,933627.0
2023-09-12,144.15,145.63,141.54,141.4,1064956.0
2023-09-13,140.99,142.65,138.61,141.37,1095987.0
2023-09-14,,155.14,150.54,151.2,798561.0
2023-09-15,153.8,155.87,150.63,157.33,1033646.0
2023-09-16,147.12,148.52,145.66,151.05,567739.0
2023-09-17,137.04,138.88,,139.64,1096506.0
2023-09-18,147.27,149.35,146.9,148.19,1132068.0
2023-09-19,151.96,151.83,150.86,,
2023-09-20,142.61,145.06,,139.03,920990.0
2023-09-21,150.92,151.94,149.19,156.75,1061809.0
2023-09-22,149.92,150.77,147.97,147.64,1284790.0
2023-09-23,,153.21,150.78,154.89,1282753.0
2023-09-24,150.6,150.8,148.54,153.78,994165.0
2023-09-25,145.13,,144.06,143.47,1027863.0
2023-09-26,155.98,157.27,154.17,159.1,1222182.0
2023-09-27,149.21,153.16,148.7,,699839.0
2023-09-28,149.86,151.34,146.5,155.05,935384.0
2023-09-29,145.33,147.51,143.64,143.93,1267114.0
2023-09-30,147.78,150.18,146.27,143.93,1195040.0
2023-10-01,145.58,147.71,141.99,144.06,1073852.0
2023-10-02,149.14,151.06,148.38,149.76,698833.0
2023-10-03,158.56,159.36,157.68,158.73,990017.0
2023-10-04,143.14,146.59,,141.96,882016.0
2023-10-05,141.93,145.74,140.0,136.2,1066207.0
2023-10-06,157.36,157.67,154.92,158.77,838130.0
2023-10-07,148.95,149.93,146.21,154.87,794855.0
2023-10-08,146.65,,142.08,148.05,587026.0
2023-10-09,155.2,156.23,,157.03,1244360.0
2023-10-10,146.97,149.48,144.36,148.69,920045.0
2023-10-11,159.13,160.4,157.69,160.32,1031429.0
2023-10-12,153.39,157.55,151.98,156.18,999552.0
2023-10-13,147.56,150.75,146.18,148.75,786513.0
2023-10-14,160.79,163.0,159.7,,748187.0
2023-10-15,146.97,150.0,143.29,144.58,798936.0
2023-10-16,153.71,,,152.96,855366.0
2023-10-17,151.5,152.93,149.47,,1073321.0
2023-10-18,156.51,157.69,153.16,155.56,840856.0
2023-10-19,157.81,159.89,157.32,158.75,1349298.0
2023-10-20,150.16,153.02,149.49,151.48,1205430.0
2023-10-21,146.23,148.37,146.41,148.73,1161671.0
2023-10-22,152.3,152.72,151.0,156.15,976068.0
2023-10-23,146.61,147.81,144.45,,1302856.0
2023-10-24,160.07,161.99,,156.14,956398.0
2023-10-25,150.68,152.61,148.53,149.65,993747.0
2023-10-26,148.17,152.15,147.58,148.31,1033994.0
2023-10-27,150.92,151.54,148.12,145.42,1140364.0
2023-10-28,143.26,145.77,141.02,147.43,1127381.0
2023-10-29,145.14,148.63,142.41,145.57,904974.0
2023-10-30,156.0,160.27,155.89,157.15,893401.0
2023-10-31,146.72,148.31,144.4,150.81,1127980.0
2023-11-01,144.77,147.26,143.95,142.88,1143047.0
2023-11-02,152.68,155.25,151.08,154.41,921329.0
2023-11-03,155.93,158.12,153.39,155.6,682562.0
2023-11-04,153.59,155.5,151.5,153.04,958536.0
2023-11-05,154.98,157.42,153.83,152.66,1124705.0
2023-11-06,146.22,145.68,,151.21,1361083.0
2023-11-07,142.89,145.57,142.42,141.76,760408.0
2023-11-08,157.51,159.63,154.36,159.61,914685.0
2023-11-09,148.39,150.16,146.59,142.76,922119.0
2023-11-10,148.75,152.79,145.63,152.29,
2023-11-11,156.64,157.97,155.17,159.8,993011.0
2023-11-12,152.78,154.38,151.3,153.07,818534.0
2023-11-13,,156.27,151.04,151.6,1111739.0
2023-11-14,160.83,161.99,157.95,162.03,919072.0
2023-11-15,146.78,148.23,145.49,153.65,755122.0
2023-11-16,154.64,156.49,151.99,149.35,821445.0
2023-11-17,150.29,153.13,148.67,152.63,1346808.0
2023-11-18,151.34,153.55,151.32,148.61,1076841.0
2023-11-19,157.64,158.35,156.21,157.58,1021552.0
2023-11-20,152.54,154.01,151.72,151.8,950021.0
2023-11-21,152.69,154.08,150.66,151.41,1058429.0
2023-11-22,155.36,157.29,154.55,155.33,1056047.0
2023-11-23,148.18,150.6,145.25,144.77,1058433.0
2023-11-24,145.8,,143.9,148.89,1022969.0
2023-11-25,144.78,145.0,142.95,139.39,1173759.0
2023-11-26,140.17,143.23,137.51,141.79,1004620.0
2023-11-27,160.28,,157.32,159.3,804412.0
2023-11-28,144.48,147.87,142.5,140.97,877515.0
2023-11-29,148.89,151.34,147.66,,604196.0
2023-11-30,148.62,151.72,148.39,143.95,1405363.0
2023-12-01,151.54,154.0,150.22,151.66,1172550.0
2023-12-02,154.08,157.42,152.7,149.81,833985.0
2023-12-03,154.3,156.82,152.2,155.69,
2023-12-04,,148.99,145.43,144.31,872624.0
2023-12-05,149.16,153.44,146.48,147.81,1308509.0
2023-12-06,151.41,154.3,150.03,152.29,716024.0
2023-12-07,148.76,151.33,146.81,146.44,1022895.0
2023-12-08,158.04,158.76,154.85,,978294.0
2023-12-09,152.45,153.17,150.11,,1165367.0
2023-12-10,153.67,155.97,151.73,155.57,979198.0
2023-12-11,153.31,155.46,151.92,158.61,648358.0
2023-12-12,155.87,157.25,154.5,164.24,949776.0
2023-12-13,150.91,153.05,149.76,151.18,805567.0
2023-12-14,143.52,147.1,142.06,145.88,1015915.0
2023-12-15,152.0,154.69,149.24,146.66,1286835.0
2023-12-16,146.74,147.6,144.97,151.25,652114.0
2023-12-17,147.36,149.25,146.71,149.69,839955.0
2023-12-18,152.93,154.13,149.16,151.48,889461.0
2023-12-19,156.19,157.8,,159.9,923673.0
2023-12-20,150.11,151.69,149.51,149.34,1148025.0
2023-12-21,151.54,153.07,,150.17,965291.0
2023-12-22,158.51,159.26,156.4,159.94,1083160.0
2023-12-23,151.2,153.08,,148.01,874845.0
2023-12-24,163.01,164.45,162.12,166.07,1045984.0
2023-12-25,152.83,151.9,149.85,149.66,1155559.0
2023-12-26,141.2,145.25,137.8,138.05,853540.0
2023-12-27,,156.86,152.4,151.04,1156271.0
2023-12-28,151.91,153.53,150.18,154.18,1010474.0
2023-12-29,156.45,158.47,155.49,154.6,1209092.0
2023-12-30,153.37,154.19,151.57,149.32,959716.0
2023-12-31,149.31,153.0,147.34,147.49,1076248.0
2024-01-01,143.88,147.78,141.22,143.78,
2024-01-02,148.95,151.11,145.86,145.41,980757.0
2024-01-03,145.75,148.77,144.5,,1051786.0
2024-01-04,147.1,149.27,147.06,153.43,1107361.0
2024-01-05,152.94,,150.96,150.36,750087.0
2024-01-06,158.35,159.94,156.06,157.38,1286726.0
2024-01-07,151.97,154.11,149.72,150.87,628067.0
2024-01-08,144.02,145.57,142.35,142.76,863037.0
2024-01-09,152.22,154.0,150.1,154.09,981146.0
2024-01-10,155.98,157.89,152.47,158.83,1082471.0
2024-01-11,146.95,148.87,144.57,146.03,1315234.0
2024-01-12,149.33,151.38,147.7,145.62,628341.0
2024-01-13,150.07,151.01,148.57,153.9,898461.0
2024-01-14,146.08,147.36,144.25,145.79,574633.0
2024-01-15,153.24,153.96,149.6,158.43,
2024-01-16,149.4,152.37,147.58,142.66,1054336.0
2024-01-17,152.1,151.99,150.12,152.68,1318159.0
2024-01-18,145.56,,144.04,151.32,1024126.0
2024-01-19,147.81,151.2,144.71,146.75,1208805.0
2024-01-20,153.61,155.31,149.65,152.94,1116767.0
2024-01-21,,147.53,145.69,149.02,912950.0
2024-01-22,158.63,160.27,156.55,156.96,718207.0
2024-01-23,,149.94,145.97,147.07,1055000.0
2024-01-24,151.12,152.11,151.51,150.11,701579.0
2024-01-25,154.66,156.15,151.92,152.78,1259041.0
2024-01-26,142.91,146.44,140.77,146.59,967587.0
2024-01-27,141.2,143.86,138.77,142.58,1239035.0
2024-01-28,142.37,143.45,141.08,143.12,903957.0
2024-01-29,156.31,156.72,154.7,158.74,1053770.0
2024-01-30,147.24,148.91,145.65,146.45,1041869.0
2024-01-31,162.79,164.58,159.77,160.47,990991.0
2024-02-01,147.18,149.67,145.56,145.37,913468.0
2024-02-02,,152.39,146.84,150.93,1078491.0
2024-02-03,157.71,160.22,155.28,154.53,814767.0
2024-02-04,160.03,163.97,159.31,158.53,758112.0
2024-02-05,160.31,163.12,158.44,158.76,1248565.0
2024-02-06,156.04,157.99,154.69,162.42,1145433.0
2024-02-07,155.12,156.94,155.31,146.8,1013178.0
2024-02-08,152.96,154.61,149.36,152.42,1333028.0
2024-02-09,153.89,157.07,151.19,159.07,946446.0
2024-02-10,147.24,148.62,144.71,147.61,1264540.0
2024-02-11,145.91,147.95,,148.17,1035114.0
2024-02-12,149.98,152.03,149.37,150.28,795049.0
2024-02-13,149.15,150.65,147.63,147.15,1369608.0
2024-02-14,147.73,148.36,144.89,141.01,1198142.0
2024-02-15,153.48,155.8,152.53,154.1,975795.0
2024-02-16,154.78,156.72,155.31,152.45,1145434.0
2024-02-17,150.44,152.94,148.67,148.04,919259.0
2024-02-18,157.39,158.85,155.53,155.89,1165829.0
2024-02-19,144.29,147.51,142.16,149.53,521784.0
2024-02-20,149.03,150.15,146.3,156.25,796039.0
2024-02-21,146.42,150.13,143.78,147.07,1195851.0
2024-02-22,140.67,140.92,138.41,139.27,950068.0
2024-02-23,149.59,152.02,146.39,146.05,1041508.0
2024-02-24,149.39,151.87,148.91,150.8,
2024-02-25,157.57,158.77,155.06,162.92,1369573.0
2024-02-26,153.15,155.58,150.53,152.41,1238105.0
2024-02-27,144.88,148.16,144.12,137.74,959862.0
2024-02-28,159.27,159.05,158.77,161.28,919060.0
2024-02-29,156.11,158.61,154.85,159.06,1205920.0
2024-03-01,152.91,152.42,151.57,148.15,
2024-03-02,148.87,149.9,146.11,149.4,
2024-03-03,145.2,148.83,143.82,146.56,1434360.0
2024-03-04,148.14,149.56,147.0,,815529.0
2024-03-05,155.44,156.27,154.06,153.07,836122.0
2024-03-06,159.42,161.22,156.3,162.47,
2024-03-07,157.72,161.78,155.7,156.51,1088352.0
2024-03-08,147.56,147.72,145.74,143.1,1035120.0
2024-03-09,144.4,145.35,142.51,138.25,969609.0
2024-03-10,150.7,154.2,147.41,154.49,1161851.0
2024-03-11,141.16,145.02,139.91,143.01,1246465.0
2024-03-12,151.62,153.51,148.3,151.88,694867.0
2024-03-13,,150.02,147.05,147.94,880605.0
2024-03-14,147.67,151.77,145.83,146.08,1164028.0
2024-03-15,142.03,145.62,137.53,138.8,906452.0
2024-03-16,152.57,155.25,151.62,151.27,840358.0
2024-03-17,147.34,148.52,145.69,140.98,1203707.0
2024-03-18,144.15,146.1,143.38,141.94,742099.0
2024-03-19,135.64,137.48,132.69,134.71,939684.0
2024-03-20,149.86,152.19,146.17,151.69,1065728.0
2024-03-21,158.86,162.31,155.19,158.74,885236.0
2024-03-22,158.31,161.19,155.08,160.69,1156631.0
2024-03-23,147.71,148.64,145.91,151.76,886224.0
2024-03-24,146.99,150.37,145.35,150.16,1281723.0
2024-03-25,152.34,154.66,152.02,153.76,974850.0
2024-03-26,145.01,,,145.04,1134254.0
2024-03-27,151.51,154.98,149.04,148.57,1149204.0
2024-03-28,153.83,154.72,152.32,156.05,874491.0
2024-03-29,,158.1,152.81,161.17,589302.0
2024-03-30,149.5,150.97,148.47,150.53,1072151.0
2024-03-31,148.98,149.41,146.58,154.73,1014457.0
2024-04-01,145.61,,143.78,141.03,1111165.0
2024-04-02,145.87,150.38,143.23,142.4,954694.0
2024-04-03,148.87,149.03,146.93,151.43,913914.0
2024-04-04,151.84,153.8,151.29,152.63,1401694.0
2024-04-05,154.57,157.21,152.49,158.51,705529.0
2024-04-06,145.98,148.11,142.94,145.94,1146790.0
2024-04-07,,159.35,155.49,154.86,885079.0
2024-04-08,148.64,149.35,145.87,148.0,932844.0
2024-04-09,149.89,152.13,148.94,145.3,936579.0
2024-04-10,146.26,147.51,144.29,142.88,839313.0
2024-04-11,137.88,137.69,136.5,140.8,1114244.0
2024-04-12,154.42,157.61,151.67,157.04,1278128.0
2024-04-13,153.68,156.64,151.65,154.77,1094002.0
2024-04-14,,150.65,145.9,143.43,1020676.0
2024-04-15,150.33,,147.25,149.26,802711.0
2024-04-16,152.58,,149.89,148.9,1103365.0
2024-04-17,142.19,144.41,139.91,145.72,1431269.0
2024-04-18,147.35,150.26,146.35,145.6,923861.0
2024-04-19,153.97,155.67,151.97,150.71,924803.0
2024-04-20,143.73,147.04,142.26,,887782.0
2024-04-21,151.47,153.79,149.81,,902117.0
2024-04-22,143.22,145.41,141.59,147.67,450940.0
2024-04-23,152.33,153.06,151.31,150.13,1081007.0
2024-04-24,149.82,152.11,149.78,145.62,830889.0
2024-04-25,141.92,143.09,140.59,135.47,677947.0
2024-04-26,155.82,157.19,153.63,155.73,1150637.0
2024-04-27,146.33,147.51,145.68,144.64,783596.0
2024-04-28,145.95,146.88,143.93,141.66,932266.0
2024-04-29,151.0,155.13,147.1,154.57,1293288.0
2024-04-30,155.74,159.07,152.72,157.74,718156.0
2024-05-01,144.92,148.84,141.28,144.84,693480.0
2024-05-02,150.31,151.09,147.92,154.4,1053861.0
2024-05-03,152.14,154.22,148.98,154.13,1229897.0
2024-05-04,153.47,154.17,152.19,151.0,685131.0
2024-05-05,150.88,152.19,149.53,147.76,1081537.0
2024-05-06,148.16,149.25,148.9,150.62,1116199.0
2024-05-07,145.86,,142.68,147.05,588167.0
2024-05-08,150.43,152.03,146.89,150.94,1159700.0
2024-05-09,144.64,147.71,143.19,142.1,1175321.0
2024-05-10,135.39,138.0,,137.22,937642.0
2024-05-11,152.18,156.49,150.94,149.92,1250469.0
2024-05-12,154.52,155.04,152.14,154.21,1227291.0
2024-05-13,138.19,141.44,135.06,142.53,1020623.0
2024-05-14,144.95,148.1,144.69,142.97,909710.0
2024-05-15,153.1,154.12,150.69,148.38,805434.0
2024-05-16,160.29,163.29,158.56,157.13,992487.0
2024-05-17,150.1,152.44,147.99,153.09,1113951.0
2024-05-18,146.36,,143.9,147.12,935164.0
2024-05-19,149.09,150.26,147.27,148.7,560499.0
2024-05-20,156.87,,154.98,155.35,1253742.0
2024-05-21,146.77,150.82,144.98,148.23,1038044.0
2024-05-22,146.0,148.0,143.03,143.46,924075.0
2024-05-23,147.59,150.37,145.17,148.5,1171431.0
2024-05-24,145.23,146.44,143.01,143.04,1304927.0
2024-05-25,150.61,151.83,149.88,147.92,439617.0
2024-05-26,,,156.5,156.21,1086852.0
2024-05-27,151.62,152.27,148.72,150.49,714670.0
2024-05-28,148.74,150.32,146.7,148.59,1099822.0
2024-05-29,148.54,150.57,145.88,149.25,1025585.0
2024-05-30,,,138.42,131.12,1127145.0
2024-05-31,154.42,156.24,151.38,151.99,900150.0
2024-06-01,149.61,152.01,147.52,148.44,625351.0
2024-06-02,149.1,151.79,147.61,,909926.0
2024-06-03,165.97,168.7,166.52,162.73,1081369.0
2024-06-04,151.49,152.51,,151.98,1203078.0
2024-06-05,146.24,147.96,144.57,150.73,765633.0
2024-06-06,147.87,151.06,145.48,143.93,
2024-06-07,155.74,158.64,153.9,156.92,870425.0
2024-06-08,150.57,151.19,148.89,148.16,1072489.0
2024-06-09,142.81,145.16,142.59,141.29,898021.0
2024-06-10,154.6,154.62,153.54,152.19,1036434.0
2024-06-11,146.66,148.71,144.18,144.46,1178375.0
2024-06-12,159.37,163.26,155.65,167.53,754597.0
2024-06-13,155.4,156.45,153.5,157.93,864018.0
2024-06-14,147.76,148.93,145.44,151.07,1036992.0
2024-06-15,156.41,159.17,153.45,157.88,1480316.0
2024-06-16,150.34,150.8,149.15,145.52,827362.0
2024-06-17,154.26,155.63,151.9,,
2024-06-18,152.42,155.02,151.16,,1400884.0
2024-06-19,145.77,147.13,142.9,143.21,980537.0
2024-06-20,146.78,148.55,144.63,149.68,940369.0
2024-06-21,155.15,157.89,152.85,,861586.0
2024-06-22,148.33,150.75,147.11,153.88,986359.0
2024-06-23,147.98,150.25,145.27,146.73,718656.0
2024-06-24,145.22,146.89,141.14,141.93,984752.0
2024-06-25,152.12,154.49,151.13,151.03,1299376.0
2024-06-26,160.31,162.19,158.65,164.62,877782.0
2024-06-27,144.66,147.12,142.43,139.18,951855.0
2024-06-28,150.12,151.62,,143.92,659771.0
2024-06-29,157.06,158.88,155.62,157.33,1074812.0
2024-06-30,149.6,150.61,150.43,148.27,1052896.0
2024-07-01,152.26,154.23,148.9,152.29,1012740.0
2024-07-02,,145.88,141.93,147.52,956634.0
2024-07-03,152.14,153.03,151.88,150.48,941448.0
2024-07-04,149.06,151.32,147.67,143.45,1100380.0
2024-07-05,154.93,157.14,151.36,161.06,994236.0
2024-07-06,155.94,158.72,152.49,152.95,1062994.0
2024-07-07,,164.52,160.01,159.77,1042996.0
2024-07-08,152.9,155.31,151.07,156.21,1224685.0
2024-07-09,151.63,,149.55,150.48,1135398.0
2024-07-10,150.97,153.42,149.1,150.78,1038572.0
2024-07-11,148.23,149.41,145.11,149.68,1303684.0
2024-07-12,151.69,,150.57,154.94,1084053.0
2024-07-13,148.52,150.89,,147.52,1260992.0
2024-07-14,150.84,152.85,147.83,155.4,1121388.0
2024-07-15,156.59,156.5,154.63,150.18,631616.0
2024-07-16,144.97,147.13,141.59,,1260966.0
2024-07-17,155.7,159.91,154.37,153.18,1027035.0
2024-07-18,156.59,158.23,154.64,160.7,989609.0
2024-07-19,149.41,150.68,,149.84,1056269.0
2024-07-20,139.39,141.76,137.38,137.37,931003.0
2024-07-21,146.96,149.27,146.44,148.95,1045405.0
2024-07-22,156.48,159.68,154.97,159.16,881624.0
2024-07-23,149.89,150.63,149.32,151.81,1254854.0
2024-07-24,145.0,147.73,142.31,141.91,977282.0
2024-07-25,147.48,150.07,144.76,146.02,923483.0
2024-07-26,154.2,156.06,153.93,154.19,815014.0
2024-07-27,152.73,155.07,149.4,152.61,1053755.0
2024-07-28,148.81,151.83,,151.05,1037421.0
2024-07-29,148.17,151.04,146.12,142.12,1077684.0
2024-07-30,148.04,148.9,146.68,,794549.0
2024-07-31,145.39,148.21,140.56,144.52,679763.0
2024-08-01,158.08,160.01,157.4,155.56,1125118.0
2024-08-02,148.39,,146.37,146.16,1296928.0
2024-08-03,156.09,158.16,153.91,155.44,794729.0
2024-08-04,157.61,159.46,154.26,146.8,1317888.0
2024-08-05,154.99,,152.63,152.89,1056782.0
2024-08-06,147.84,149.76,146.34,145.21,998587.0
2024-08-07,152.02,,150.97,153.62,920490.0
2024-08-08,149.88,151.49,148.22,147.46,723096.0
2024-08-09,145.48,147.66,144.49,144.84,1197545.0
2024-08-10,151.62,154.85,149.57,156.25,844878.0
2024-08-11,,146.71,142.67,,844038.0
2024-08-12,155.94,157.09,,,1198385.0
2024-08-13,147.68,152.16,144.42,146.18,623403.0
2024-08-14,151.01,153.27,149.5,152.63,695280.0
2024-08-15,151.42,154.69,150.68,,996373.0
2024-08-16,148.71,,146.87,148.12,1058656.0
2024-08-17,152.93,155.47,150.87,154.16,1096946.0
2024-08-18,147.63,150.46,147.37,145.83,939640.0
2024-08-19,154.36,157.57,152.02,158.84,1506073.0
2024-08-20,143.27,146.33,142.32,142.79,954421.0
2024-08-21,150.63,153.5,146.92,152.49,953842.0
2024-08-22,159.69,161.38,157.17,164.06,840602.0
2024-08-23,145.0,146.43,143.4,148.09,1024781.0
2024-08-24,146.61,148.94,145.36,142.38,1122992.0
2024-08-25,152.57,155.5,150.67,153.9,1240715.0
2024-08-26,150.9,152.68,148.29,153.45,702143.0
2024-08-27,151.75,154.82,149.78,154.43,950800.0
2024-08-28,152.45,155.9,,149.11,1089340.0
2024-08-29,153.17,154.26,151.12,151.2,1117411.0
2024-08-30,155.55,156.71,154.15,158.53,1001309.0
2024-08-31,152.05,153.91,150.39,149.76,1108484.0
2024-09-01,148.79,151.1,148.88,147.89,838207.0
2024-09-02,153.36,154.84,150.39,158.09,
2024-09-03,159.5,162.85,,159.36,1198525.0
2024-09-04,149.34,151.76,,147.16,731014.0
2024-09-05,145.13,147.17,141.23,142.49,784979.0
2024-09-06,155.54,156.1,153.45,156.53,790615.0
2024-09-07,149.4,,,145.4,1135593.0
2024-09-08,139.14,141.42,136.28,138.39,743054.0
2024-09-09,154.24,154.1,151.84,,933795.0
2024-09-10,147.32,150.34,144.93,151.22,1090940.0
2024-09-11,149.55,151.39,147.97,151.55,986766.0
2024-09-12,151.66,156.9,149.21,149.52,1051777.0
2024-09-13,,155.26,149.21,154.49,786839.0
2024-09-14,153.55,155.37,150.99,152.65,1118970.0
2024-09-15,147.82,149.72,147.73,144.12,877357.0
2024-09-16,152.57,155.56,151.0,152.05,935076.0
2024-09-17,148.7,152.41,144.98,153.02,1047546.0
2024-09-18,153.69,,152.46,154.19,1020615.0
2024-09-19,153.08,153.29,151.68,153.11,1004796.0
2024-09-20,145.32,146.7,143.77,150.23,849874.0
2024-09-21,155.43,158.01,154.64,151.14,940090.0
2024-09-22,147.32,149.82,147.53,143.46,1000436.0
2024-09-23,154.04,157.11,152.27,149.19,724982.0
2024-09-24,151.84,152.64,149.7,152.95,907493.0
2024-09-25,159.19,158.87,157.24,159.69,1077535.0
2024-09-26,148.88,151.74,147.03,153.51,744512.0
2024-09-27,148.25,149.43,146.21,148.98,1231316.0
2024-09-28,149.9,149.88,146.88,148.69,1253922.0
2024-09-29,148.48,150.63,146.67,148.49,750969.0
2024-09-30,,156.79,152.57,154.35,1271523.0
2024-10-01,141.92,143.8,140.2,136.9,971283.0
2024-10-02,144.73,146.27,142.15,152.86,1083702.0
2024-10-03,144.66,146.5,141.25,146.22,900669.0
2024-10-04,154.75,156.38,153.38,155.38,1184608.0
2024-10-05,158.55,159.21,156.45,160.4,1081218.0
2024-10-06,,150.76,147.14,151.61,837169.0
2024-10-07,149.16,151.68,148.15,,766959.0
2024-10-08,150.35,152.67,,148.46,707939.0
2024-10-09,155.81,157.98,155.28,157.61,1037588.0
2024-10-10,145.36,291.31,,146.52,1114494.0
2024-10-11,151.19,153.01,148.83,148.76,1130193.0
2024-10-12,154.88,154.7,153.26,159.13,976403.0
2024-10-13,152.51,154.68,150.3,153.39,768600.0
2024-10-14,,154.38,148.97,153.14,863585.0
2024-10-15,155.01,155.53,153.98,159.18,1230469.0
2024-10-16,136.48,137.9,134.53,,903074.0
2024-10-17,153.39,155.72,152.62,154.34,1028683.0
2024-10-18,146.73,149.98,143.34,149.16,784869.0
2024-10-19,140.85,142.4,140.2,138.67,1067316.0
2024-10-20,152.56,153.86,150.75,152.72,908463.0
2024-10-21,156.87,156.9,155.91,157.24,1209342.0
2024-10-22,149.31,151.42,146.74,146.44,1154711.0
2024-10-23,154.76,158.81,153.1,161.72,900858.0
2024-10-24,158.06,160.34,156.58,153.84,974667.0
2024-10-25,156.57,158.55,153.72,152.68,889776.0
2024-10-26,158.2,160.52,156.17,162.14,716113.0
2024-10-27,153.71,155.7,151.19,155.85,828511.0
2024-10-28,150.38,151.56,149.36,147.3,1039643.0
2024-10-29,141.99,144.81,141.39,143.81,1065051.0
2024-10-30,,151.0,146.66,153.17,1029709.0
2024-10-31,145.78,,144.1,145.69,
2024-11-01,160.85,161.88,158.23,,1186613.0
2024-11-02,149.12,152.42,147.2,143.95,1012708.0
2024-11-03,,153.28,148.41,152.7,1140650.0
2024-11-04,152.76,154.2,152.38,156.26,645244.0
2024-11-05,150.22,153.22,146.33,152.89,215519.0
2024-11-06,158.48,159.98,156.64,157.86,1056757.0
2024-11-07,146.89,148.1,144.19,146.02,715046.0
2024-11-08,150.97,152.21,149.81,152.31,957509.0
2024-11-09,146.29,146.52,143.98,148.73,939580.0
2024-11-10,143.4,145.87,142.7,145.21,1317480.0
2024-11-11,146.94,,144.49,150.06,1079999.0
2024-11-12,149.81,150.59,148.17,146.76,1033171.0
2024-11-13,147.85,147.78,145.82,147.17,1167398.0
2024-11-14,146.54,148.45,143.84,143.72,1073699.0
2024-11-15,142.97,144.82,142.2,141.81,908464.0
2024-11-16,149.58,151.26,148.27,152.63,1214295.0
2024-11-17,142.48,143.43,140.02,142.8,778049.0
2024-11-18,153.8,154.63,149.7,161.62,1064649.0
2024-11-19,150.41,152.88,148.55,150.99,690486.0
2024-11-20,142.71,144.16,140.12,142.89,1040788.0
2024-11-21,148.45,,,148.77,1038597.0
2024-11-22,146.24,147.35,142.3,144.33,
2024-11-23,151.6,153.78,151.34,151.42,687005.0
2024-11-24,156.7,160.01,154.61,160.09,879822.0
2024-11-25,140.62,143.21,140.25,140.97,1164536.0
2024-11-26,150.58,152.16,151.08,148.19,1067063.0
2024-11-27,149.2,151.46,146.9,146.42,1036061.0
2024-11-28,153.36,155.12,151.22,152.01,808772.0
2024-11-29,151.07,153.07,149.35,151.29,881836.0
2024-11-30,146.24,147.91,144.35,149.82,1249008.0
2024-12-01,148.4,150.24,143.31,144.38,989698.0
2024-12-02,146.02,148.23,144.28,145.06,1075071.0
2024-12-03,155.38,156.39,152.87,155.81,976962.0
2024-12-04,150.11,151.09,148.76,144.61,763382.0
2024-12-05,159.51,160.12,157.21,157.01,1186762.0
2024-12-06,149.7,150.1,147.93,147.66,1100646.0
2024-12-07,146.46,147.24,144.87,144.07,1461127.0
2024-12-08,142.43,144.59,138.61,143.01,796883.0
2024-12-09,140.98,142.09,137.81,140.5,1164514.0
2024-12-10,142.08,144.59,139.94,140.41,
2024-12-11,151.34,153.37,151.64,152.62,1031469.0
2024-12-12,,152.58,150.9,157.71,1195301.0
2024-12-13,142.09,144.75,137.39,147.01,585572.0
2024-12-14,154.48,157.29,152.71,148.71,959013.0
2024-12-15,147.58,148.59,144.48,149.32,887358.0
2024-12-16,150.73,153.15,147.29,150.2,859608.0
2024-12-17,158.06,159.2,155.84,158.53,1077042.0
2024-12-18,154.48,156.58,,153.29,1224137.0
2024-12-19,148.66,149.39,149.09,149.01,973344.0
2024-12-20,145.54,145.75,142.86,146.0,1041097.0
2024-12-21,139.24,,138.06,137.5,1022861.0
2024-12-22,146.4,148.28,144.23,143.72,1000360.0
2024-12-23,148.94,150.55,148.19,147.6,782131.0
2024-12-24,145.06,145.88,143.33,145.77,1221688.0
2024-12-25,149.34,150.94,147.31,151.14,1059039.0
2024-12-26,150.38,152.65,,152.94,1078976.0
2024-12-27,148.88,150.83,147.99,147.39,838698.0
2024-12-28,146.75,148.93,143.55,147.6,908155.0
2024-12-29,150.84,152.17,149.44,153.73,964773.0
2024-12-30,152.21,155.38,151.88,155.71,693175.0
2024-12-31,144.55,145.37,142.66,144.37,662393.0
2025-01-01,157.05,159.54,155.02,156.39,879850.0
2025-01-02,149.51,152.69,147.35,150.08,1104504.0
2025-01-03,150.09,296.56,79.66,146.65,869372.0
2025-01-04,153.54,155.34,151.78,,796238.0
2025-01-05,151.17,152.64,149.29,153.4,837062.0
2025-01-06,154.77,157.8,153.87,156.69,908931.0
2025-01-07,151.44,152.01,148.62,150.62,929228.0
2025-01-08,146.94,147.97,144.75,147.59,1433104.0
2025-01-09,151.81,153.41,150.23,149.33,1210924.0
2025-01-10,144.28,147.52,144.19,146.39,1204954.0
2025-01-11,150.54,152.92,147.1,150.31,1233716.0
2025-01-12,149.83,150.87,149.06,149.01,800235.0
2025-01-13,148.96,150.65,147.55,147.87,755527.0
2025-01-14,149.36,150.74,147.0,149.17,778625.0
2025-01-15,140.59,,139.79,139.25,1266901.0
2025-01-16,147.26,150.24,146.75,149.23,890561.0
2025-01-17,150.46,151.09,,149.28,749728.0
2025-01-18,150.8,154.41,148.08,155.58,913800.0
2025-01-19,144.86,147.69,143.41,149.26,952278.0
2025-01-20,156.33,159.42,151.4,153.65,1053682.0
2025-01-21,145.67,,144.66,145.88,1050190.0
2025-01-22,154.85,156.7,153.77,,834363.0
2025-01-23,152.14,152.7,150.7,151.16,1137131.0
2025-01-24,146.77,148.24,144.53,152.78,872161.0
2025-01-25,158.88,161.37,157.35,157.95,968744.0
2025-01-26,144.03,147.33,141.42,145.11,1137354.0
2025-01-27,154.6,155.49,153.57,156.22,871635.0
2025-01-28,155.0,156.64,154.38,152.0,886129.0
2025-01-29,146.65,148.5,146.45,144.08,1118333.0
2025-01-30,156.96,157.57,157.19,153.34,828453.0
2025-01-31,,151.34,147.27,146.09,923041.0
2025-02-01,151.44,152.72,149.74,142.89,1111148.0
2025-02-02,151.3,153.11,149.93,152.94,1410818.0
2025-02-03,149.33,150.88,146.09,155.49,1121080.0
2025-02-04,154.05,155.26,150.83,154.5,1094527.0
2025-02-05,153.97,155.96,152.3,149.72,1106160.0
2025-02-06,141.26,143.04,141.05,139.33,785361.0
2025-02-07,156.52,158.15,155.09,155.15,1023119.0
2025-02-08,141.69,142.96,140.29,138.63,994046.0
2025-02-09,155.16,157.48,153.82,157.74,1064316.0
2025-02-10,155.63,159.29,154.33,158.06,1023301.0
2025-02-11,144.55,146.69,143.2,141.08,1075939.0
2025-02-12,,150.94,146.33,150.12,937706.0
2025-02-13,144.47,145.08,143.11,149.05,1011721.0
2025-02-14,148.93,151.08,,154.63,754434.0
2025-02-15,148.46,149.36,146.1,157.06,936018.0
2025-02-16,153.9,154.42,152.81,151.19,1278166.0
2025-02-17,156.55,157.81,153.28,165.02,1063761.0
2025-02-18,156.98,160.17,155.96,155.92,995815.0
2025-02-19,147.19,150.14,146.81,145.41,1379224.0
2025-02-20,,151.2,146.57,149.94,727833.0
2025-02-21,141.58,142.05,140.4,139.84,778108.0
2025-02-22,145.97,147.77,143.65,147.17,1342542.0
2025-02-23,154.82,157.13,155.23,150.86,1009192.0
2025-02-24,,160.25,154.69,157.36,951483.0
2025-02-25,143.83,,141.16,147.69,760159.0
2025-02-26,147.04,148.15,146.54,146.87,1089539.0
2025-02-27,149.87,151.8,149.35,150.29,1108891.0
2025-02-28,151.4,153.94,147.73,152.83,781101.0
2025-03-01,145.95,145.76,144.69,149.46,971944.0
2025-03-02,152.12,153.96,150.95,147.15,932896.0
2025-03-03,,149.77,147.9,,1051195.0
2025-03-04,149.93,,148.28,149.12,776149.0
2025-03-05,152.73,,150.96,153.23,1250389.0
2025-03-06,150.03,152.61,147.32,153.21,1183164.0
2025-03-07,147.82,,147.22,144.24,927364.0
2025-03-08,149.45,149.54,148.97,146.41,956716.0
2025-03-09,149.56,,,143.75,972715.0
2025-03-10,,151.15,145.14,146.5,844338.0
2025-03-11,148.71,152.1,148.28,152.7,911314.0
2025-03-12,157.99,160.7,154.91,,945945.0
2025-03-13,152.8,,150.77,148.78,1322573.0
2025-03-14,148.52,150.9,145.43,147.07,1189323.0
2025-03-15,153.48,154.93,151.55,149.02,1186930.0
2025-03-16,148.33,150.2,148.85,144.96,1073985.0
2025-03-17,155.87,159.53,154.02,157.03,776534.0
2025-03-18,151.85,152.91,148.79,148.33,991701.0
2025-03-19,149.46,153.08,148.36,152.8,1194097.0
2025-03-20,152.24,153.92,150.63,152.03,748347.0
2025-03-21,142.15,145.47,140.32,142.4,1127310.0
2025-03-22,144.37,144.96,145.27,143.53,1464521.0
2025-03-23,144.03,146.62,140.36,146.35,1212363.0
2025-03-24,150.71,151.98,149.62,153.06,1282805.0
2025-03-25,158.66,159.25,156.16,159.67,1043667.0
2025-03-26,161.16,163.38,159.24,,
2025-03-27,153.19,156.2,149.93,152.55,856429.0
2025-03-28,152.5,153.66,150.1,154.13,1159172.0
2025-03-29,140.99,141.5,139.23,139.98,1130877.0
2025-03-30,147.29,149.19,146.18,147.29,1057982.0
2025-03-31,146.06,147.97,143.26,145.24,1263201.0
2025-04-01,146.9,149.44,146.77,145.52,892243.0
2025-04-02,149.16,152.11,146.51,147.09,962588.0
2025-04-03,147.64,149.58,146.74,149.04,1019092.0
2025-04-04,140.1,143.96,136.85,144.04,794077.0
2025-04-05,153.74,155.96,151.58,157.25,
2025-04-06,144.64,146.29,141.99,140.87,656213.0
2025-04-07,151.2,151.58,149.11,155.06,1209390.0
2025-04-08,160.37,162.11,160.12,159.42,1009327.0
2025-04-09,145.4,147.07,144.26,147.21,895821.0
2025-04-10,,140.31,134.68,134.63,833125.0
2025-04-11,148.57,151.03,146.4,149.0,953084.0
2025-04-12,155.5,156.33,152.32,156.45,1137651.0
2025-04-13,159.79,161.96,157.39,155.34,1109547.0
2025-04-14,143.85,146.52,142.82,145.68,858892.0
2025-04-15,152.48,,151.28,156.52,830792.0
2025-04-16,147.67,150.56,,147.15,1131379.0
2025-04-17,,152.23,149.78,153.55,855530.0
2025-04-18,163.22,165.28,159.55,162.65,1011981.0
2025-04-19,142.49,144.87,140.04,145.03,1024750.0
2025-04-20,151.27,154.52,148.04,144.61,1062412.0
2025-04-21,152.34,153.01,151.92,159.59,1171654.0
2025-04-22,155.43,157.08,152.18,159.92,747407.0
2025-04-23,150.49,,146.26,149.64,617768.0
2025-04-24,151.54,153.92,150.86,145.62,886510.0
2025-04-25,148.04,151.27,145.27,148.91,1360305.0
2025-04-26,151.35,152.75,149.34,147.01,1404434.0
2025-04-27,148.28,147.89,147.83,149.62,1366235.0
2025-04-28,153.11,154.7,150.61,154.34,961403.0
2025-04-29,148.15,151.07,145.32,145.33,643576.0
2025-04-30,151.89,154.42,150.49,155.25,531392.0
2025-05-01,149.85,152.28,146.69,152.27,877192.0
2025-05-02,155.63,157.35,155.3,158.56,960385.0
2025-05-03,149.74,150.46,149.24,149.77,1260125.0
2025-05-04,141.13,143.65,139.0,136.89,1173561.0
2025-05-05,156.31,157.48,154.28,159.24,1045481.0
2025-05-06,145.47,149.66,144.19,144.66,822031.0
2025-05-07,146.73,149.3,143.92,142.56,807844.0
2025-05-08,147.02,148.44,144.49,151.08,1050825.0
2025-05-09,156.87,158.26,154.01,163.17,1139410.0
2025-05-10,139.32,141.23,137.44,139.2,1078376.0
2025-05-11,165.69,167.45,163.09,172.17,793080.0
2025-05-12,155.28,158.4,153.73,155.55,1130133.0
2025-05-13,151.12,153.3,147.06,149.97,1085182.0
2025-05-14,149.73,238.53,67.32,147.83,785866.0
2025-05-15,151.43,155.32,147.32,156.34,843135.0
2025-05-16,152.61,154.65,150.57,150.27,1137699.0
2025-05-17,153.23,155.99,152.6,155.43,953098.0
2025-05-18,152.78,154.17,149.41,151.1,1317829.0
2025-05-19,150.45,152.81,148.32,149.07,1100225.0
2025-05-20,149.01,151.32,146.16,152.1,902673.0
2025-05-21,149.24,149.35,146.02,,997958.0
2025-05-22,149.03,153.04,146.69,147.81,1012676.0
2025-05-23,155.67,158.96,154.26,159.07,854321.0
2025-05-24,152.97,154.57,149.99,157.76,817482.0
2025-05-25,135.3,136.2,133.3,137.23,1140277.0
2025-05-26,153.28,155.63,150.59,151.32,1169054.0
2025-05-27,150.97,153.06,151.13,149.44,1120756.0
2025-05-28,149.91,152.26,147.46,150.15,1303063.0
2025-05-29,148.06,150.25,,149.02,891645.0
2025-05-30,155.62,158.13,151.97,152.66,1334854.0
2025-05-31,154.74,158.18,152.11,156.91,819815.0
2025-06-01,,148.7,143.9,146.39,797462.0
2025-06-02,152.04,,149.55,146.89,648008.0
2025-06-03,145.14,148.5,144.14,142.35,910840.0
2025-06-04,143.1,146.74,139.48,141.59,899255.0
2025-06-05,146.87,152.02,142.88,146.65,1105187.0
2025-06-06,154.31,155.19,151.92,159.98,1048778.0
2025-06-07,154.77,157.01,151.18,155.48,761405.0
2025-06-08,152.57,152.48,151.13,150.04,921454.0
2025-06-09,153.63,156.18,152.42,154.29,925707.0
2025-06-10,152.58,154.03,150.54,151.52,644803.0
2025-06-11,146.79,150.72,,147.77,803810.0
2025-06-12,152.16,153.38,150.55,153.9,845837.0
2025-06-13,,154.31,151.46,,1286725.0
2025-06-14,153.77,155.3,151.47,153.7,1038290.0
2025-06-15,155.94,155.97,154.94,160.86,1132433.0
2025-06-16,153.54,156.29,151.02,156.27,700272.0
2025-06-17,151.76,151.69,148.89,149.63,1238842.0
2025-06-18,155.35,157.38,153.18,161.98,1260220.0
2025-06-19,149.87,149.79,146.71,150.85,600331.0
2025-06-20,145.59,147.27,144.81,143.09,858936.0
2025-06-21,149.18,152.83,146.72,154.14,1099153.0
2025-06-22,146.28,,145.45,152.51,1128877.0
